variable_name,#,Temp,Coupler Detached,Coupler Attached,Host Connected,Stopped,End Of File
units,nan,Â°C,nan,nan,nan,nan,nan
serial_text,nan,"LGR S/N: 10469238, SEN S/N: 10469238",LGR S/N: 10469238,LGR S/N: 10469238,LGR S/N: 10469238,LGR S/N: 10469238,LGR S/N: 10469238
"Date Time, GMT+01:00",,,,,,,
2019-10-10 11:00:00,1,22.333000000000002,,,,,
2019-10-10 11:00:02,2,,Logged,,,,
2019-10-10 11:05:00,3,22.525,,,,,
2019-10-10 11:10:00,4,22.429000000000002,,,,,
2019-10-10 11:15:00,5,22.525,,,,,
2019-10-10 11:20:00,6,22.525,,,,,
2019-10-10 11:25:00,7,22.238000000000003,,,,,
2019-10-10 11:30:00,8,21.378,,,,,
2019-10-10 11:35:00,9,20.996,,,,,
2019-10-10 11:40:00,10,20.805,,,,,
2019-10-10 11:45:00,11,20.71,,,,,
2019-10-10 11:50:00,12,20.71,,,,,
2019-10-10 11:55:00,13,20.71,,,,,
2019-10-10 12:00:00,14,20.805,,,,,
2019-10-10 12:05:00,15,20.901,,,,,
2019-10-10 12:10:00,16,21.090999999999998,,,,,
2019-10-10 12:15:00,17,21.281999999999996,,,,,
2019-10-10 12:20:00,18,21.378,,,,,
2019-10-10 12:25:00,19,21.569000000000003,,,,,
2019-10-10 12:30:00,20,21.76,,,,,
2019-10-10 12:35:00,21,21.855,,,,,
2019-10-10 12:40:00,22,21.951,,,,,
2019-10-10 12:45:00,23,22.046,,,,,
2019-10-10 12:50:00,24,22.142,,,,,
2019-10-10 12:55:00,25,22.142,,,,,
2019-10-10 13:00:00,26,22.142,,,,,
2019-10-10 13:05:00,27,22.046,,,,,
2019-10-10 13:10:00,28,22.046,,,,,
2019-10-10 13:15:00,29,22.142,,,,,
2019-10-10 13:20:00,30,22.429000000000002,,,,,
2019-10-10 13:25:00,31,22.717,,,,,
2019-10-10 13:30:00,32,22.717,,,,,
2019-10-10 13:35:00,33,22.811999999999998,,,,,
2019-10-10 13:40:00,34,22.811999999999998,,,,,
2019-10-10 13:45:00,35,22.811999999999998,,,,,
2019-10-10 13:50:00,36,22.717,,,,,
2019-10-10 13:55:00,37,22.717,,,,,
2019-10-10 14:00:00,38,22.717,,,,,
2019-10-10 14:05:00,39,22.717,,,,,
2019-10-10 14:10:00,40,22.621,,,,,
2019-10-10 14:15:00,41,22.621,,,,,
2019-10-10 14:20:00,42,22.621,,,,,
2019-10-10 14:25:00,43,22.621,,,,,
2019-10-10 14:30:00,44,22.621,,,,,
2019-10-10 14:35:00,45,22.621,,,,,
2019-10-10 14:40:00,46,22.525,,,,,
2019-10-10 14:45:00,47,22.525,,,,,
2019-10-10 14:50:00,48,22.525,,,,,
2019-10-10 14:55:00,49,22.525,,,,,
2019-10-10 15:00:00,50,22.525,,,,,
2019-10-10 15:05:00,51,22.525,,,,,
2019-10-10 15:10:00,52,22.525,,,,,
2019-10-10 15:15:00,53,22.621,,,,,
2019-10-10 15:20:00,54,22.717,,,,,
2019-10-10 15:25:00,55,22.717,,,,,
2019-10-10 15:30:00,56,22.717,,,,,
2019-10-10 15:35:00,57,22.717,,,,,
2019-10-10 15:40:00,58,22.717,,,,,
2019-10-10 15:45:00,59,22.717,,,,,
2019-10-10 15:50:00,60,22.717,,,,,
2019-10-10 15:55:00,61,22.717,,,,,
2019-10-10 16:00:00,62,22.811999999999998,,,,,
2019-10-10 16:05:00,63,23.004,,,,,
2019-10-10 16:10:00,64,22.333000000000002,,,,,
2019-10-10 16:15:00,65,21.569000000000003,,,,,
2019-10-10 16:20:00,66,21.186999999999998,,,,,
2019-10-10 16:25:00,67,21.473000000000003,,,,,
2019-10-10 16:30:00,68,21.855,,,,,
2019-10-10 16:35:00,69,22.142,,,,,
2019-10-10 16:40:00,70,22.429000000000002,,,,,
2019-10-10 16:45:00,71,22.621,,,,,
2019-10-10 16:50:00,72,22.621,,,,,
2019-10-10 16:55:00,73,22.429000000000002,,,,,
2019-10-10 17:00:00,74,22.238000000000003,,,,,
2019-10-10 17:05:00,75,22.046,,,,,
2019-10-10 17:10:00,76,21.951,,,,,
2019-10-10 17:15:00,77,21.855,,,,,
2019-10-10 17:20:00,78,21.76,,,,,
2019-10-10 17:25:00,79,21.664,,,,,
2019-10-10 17:30:00,80,21.664,,,,,
2019-10-10 17:35:00,81,21.569000000000003,,,,,
2019-10-10 17:40:00,82,21.569000000000003,,,,,
2019-10-10 17:45:00,83,21.473000000000003,,,,,
2019-10-10 17:50:00,84,21.473000000000003,,,,,
2019-10-10 17:55:00,85,21.378,,,,,
2019-10-10 18:00:00,86,21.281999999999996,,,,,
2019-10-10 18:05:00,87,20.901,,,,,
2019-10-10 18:10:00,88,19.948,,,,,
2019-10-10 18:15:00,89,19.377,,,,,
2019-10-10 18:20:00,90,18.996,,,,,
2019-10-10 18:25:00,91,18.805999999999997,,,,,
2019-10-10 18:30:00,92,18.711,,,,,
2019-10-10 18:35:00,93,18.996,,,,,
2019-10-10 18:40:00,94,19.377,,,,,
2019-10-10 18:45:00,95,19.662,,,,,
2019-10-10 18:50:00,96,19.758,,,,,
2019-10-10 18:55:00,97,19.758,,,,,
2019-10-10 19:00:00,98,19.758,,,,,
2019-10-10 19:05:00,99,19.758,,,,,
2019-10-10 19:10:00,100,19.758,,,,,
2019-10-10 19:15:00,101,19.662,,,,,
2019-10-10 19:20:00,102,19.567,,,,,
2019-10-10 19:25:00,103,19.472,,,,,
2019-10-10 19:30:00,104,19.377,,,,,
2019-10-10 19:35:00,105,19.377,,,,,
2019-10-10 19:40:00,106,19.282,,,,,
2019-10-10 19:45:00,107,19.187,,,,,
2019-10-10 19:50:00,108,19.187,,,,,
2019-10-10 19:55:00,109,19.187,,,,,
2019-10-10 20:00:00,110,19.092,,,,,
2019-10-10 20:05:00,111,19.092,,,,,
2019-10-10 20:10:00,112,19.092,,,,,
2019-10-10 20:15:00,113,19.092,,,,,
2019-10-10 20:20:00,114,19.092,,,,,
2019-10-10 20:25:00,115,19.092,,,,,
2019-10-10 20:30:00,116,19.092,,,,,
2019-10-10 20:35:00,117,19.092,,,,,
2019-10-10 20:40:00,118,19.092,,,,,
2019-10-10 20:45:00,119,19.092,,,,,
2019-10-10 20:50:00,120,19.092,,,,,
2019-10-10 20:55:00,121,19.092,,,,,
2019-10-10 21:00:00,122,19.092,,,,,
2019-10-10 21:05:00,123,19.092,,,,,
2019-10-10 21:10:00,124,19.092,,,,,
2019-10-10 21:15:00,125,19.092,,,,,
2019-10-10 21:20:00,126,19.092,,,,,
2019-10-10 21:25:00,127,18.996,,,,,
2019-10-10 21:30:00,128,18.996,,,,,
2019-10-10 21:35:00,129,18.901,,,,,
2019-10-10 21:40:00,130,18.805999999999997,,,,,
2019-10-10 21:45:00,131,18.805999999999997,,,,,
2019-10-10 21:50:00,132,18.711,,,,,
2019-10-10 21:55:00,133,18.616,,,,,
2019-10-10 22:00:00,134,18.521,,,,,
2019-10-10 22:05:00,135,18.426,,,,,
2019-10-10 22:10:00,136,18.331,,,,,
2019-10-10 22:15:00,137,18.236,,,,,
2019-10-10 22:20:00,138,18.236,,,,,
2019-10-10 22:25:00,139,18.236,,,,,
2019-10-10 22:30:00,140,18.236,,,,,
2019-10-10 22:35:00,141,18.14,,,,,
2019-10-10 22:40:00,142,18.14,,,,,
2019-10-10 22:45:00,143,18.14,,,,,
2019-10-10 22:50:00,144,18.045,,,,,
2019-10-10 22:55:00,145,18.045,,,,,
2019-10-10 23:00:00,146,18.045,,,,,
2019-10-10 23:05:00,147,18.045,,,,,
2019-10-10 23:10:00,148,18.045,,,,,
2019-10-10 23:15:00,149,17.95,,,,,
2019-10-10 23:20:00,150,17.95,,,,,
2019-10-10 23:25:00,151,17.95,,,,,
2019-10-10 23:30:00,152,17.95,,,,,
2019-10-10 23:35:00,153,17.95,,,,,
2019-10-10 23:40:00,154,17.95,,,,,
2019-10-10 23:45:00,155,17.95,,,,,
2019-10-10 23:50:00,156,17.95,,,,,
2019-10-10 23:55:00,157,17.95,,,,,
2019-10-11 00:00:00,158,17.95,,,,,
2019-10-11 00:05:00,159,17.95,,,,,
2019-10-11 00:10:00,160,17.95,,,,,
2019-10-11 00:15:00,161,17.855,,,,,
2019-10-11 00:20:00,162,17.855,,,,,
2019-10-11 00:25:00,163,17.855,,,,,
2019-10-11 00:30:00,164,17.855,,,,,
2019-10-11 00:35:00,165,17.855,,,,,
2019-10-11 00:40:00,166,17.855,,,,,
2019-10-11 00:45:00,167,17.855,,,,,
2019-10-11 00:50:00,168,17.855,,,,,
2019-10-11 00:55:00,169,17.855,,,,,
2019-10-11 01:00:00,170,17.855,,,,,
2019-10-11 01:05:00,171,17.855,,,,,
2019-10-11 01:10:00,172,17.855,,,,,
2019-10-11 01:15:00,173,17.855,,,,,
2019-10-11 01:20:00,174,17.855,,,,,
2019-10-11 01:25:00,175,17.855,,,,,
2019-10-11 01:30:00,176,17.76,,,,,
2019-10-11 01:35:00,177,17.76,,,,,
2019-10-11 01:40:00,178,17.76,,,,,
2019-10-11 01:45:00,179,17.76,,,,,
2019-10-11 01:50:00,180,17.76,,,,,
2019-10-11 01:55:00,181,17.76,,,,,
2019-10-11 02:00:00,182,17.76,,,,,
2019-10-11 02:05:00,183,17.76,,,,,
2019-10-11 02:10:00,184,17.76,,,,,
2019-10-11 02:15:00,185,17.76,,,,,
2019-10-11 02:20:00,186,17.76,,,,,
2019-10-11 02:25:00,187,17.76,,,,,
2019-10-11 02:30:00,188,17.76,,,,,
2019-10-11 02:35:00,189,17.76,,,,,
2019-10-11 02:40:00,190,17.76,,,,,
2019-10-11 02:45:00,191,17.76,,,,,
2019-10-11 02:50:00,192,17.76,,,,,
2019-10-11 02:55:00,193,17.76,,,,,
2019-10-11 03:00:00,194,17.76,,,,,
2019-10-11 03:05:00,195,17.665,,,,,
2019-10-11 03:10:00,196,17.76,,,,,
2019-10-11 03:15:00,197,17.665,,,,,
2019-10-11 03:20:00,198,17.76,,,,,
2019-10-11 03:25:00,199,17.665,,,,,
2019-10-11 03:30:00,200,17.665,,,,,
2019-10-11 03:35:00,201,17.665,,,,,
2019-10-11 03:40:00,202,17.665,,,,,
2019-10-11 03:45:00,203,17.665,,,,,
2019-10-11 03:50:00,204,17.665,,,,,
2019-10-11 03:55:00,205,17.665,,,,,
2019-10-11 04:00:00,206,17.665,,,,,
2019-10-11 04:05:00,207,17.665,,,,,
2019-10-11 04:10:00,208,17.665,,,,,
2019-10-11 04:15:00,209,17.665,,,,,
2019-10-11 04:20:00,210,17.665,,,,,
2019-10-11 04:25:00,211,17.665,,,,,
2019-10-11 04:30:00,212,17.665,,,,,
2019-10-11 04:35:00,213,17.665,,,,,
2019-10-11 04:40:00,214,17.665,,,,,
2019-10-11 04:45:00,215,17.665,,,,,
2019-10-11 04:50:00,216,17.665,,,,,
2019-10-11 04:55:00,217,17.665,,,,,
2019-10-11 05:00:00,218,17.665,,,,,
2019-10-11 05:05:00,219,17.665,,,,,
2019-10-11 05:10:00,220,17.665,,,,,
2019-10-11 05:15:00,221,17.665,,,,,
2019-10-11 05:20:00,222,17.665,,,,,
2019-10-11 05:25:00,223,17.665,,,,,
2019-10-11 05:30:00,224,17.57,,,,,
2019-10-11 05:35:00,225,17.57,,,,,
2019-10-11 05:40:00,226,17.57,,,,,
2019-10-11 05:45:00,227,17.57,,,,,
2019-10-11 05:50:00,228,17.57,,,,,
2019-10-11 05:55:00,229,17.57,,,,,
2019-10-11 06:00:00,230,17.57,,,,,
2019-10-11 06:05:00,231,17.57,,,,,
2019-10-11 06:10:00,232,17.855,,,,,
2019-10-11 06:15:00,233,18.426,,,,,
2019-10-11 06:20:00,234,18.805999999999997,,,,,
2019-10-11 06:25:00,235,18.996,,,,,
2019-10-11 06:30:00,236,18.996,,,,,
2019-10-11 06:35:00,237,18.996,,,,,
2019-10-11 06:40:00,238,18.901,,,,,
2019-10-11 06:45:00,239,18.805999999999997,,,,,
2019-10-11 06:50:00,240,18.711,,,,,
2019-10-11 06:55:00,241,18.616,,,,,
2019-10-11 07:00:00,242,18.521,,,,,
2019-10-11 07:05:00,243,18.521,,,,,
2019-10-11 07:10:00,244,18.426,,,,,
2019-10-11 07:15:00,245,18.331,,,,,
2019-10-11 07:20:00,246,18.331,,,,,
2019-10-11 07:25:00,247,18.236,,,,,
2019-10-11 07:30:00,248,18.236,,,,,
2019-10-11 07:35:00,249,18.236,,,,,
2019-10-11 07:40:00,250,18.14,,,,,
2019-10-11 07:45:00,251,18.14,,,,,
2019-10-11 07:50:00,252,18.045,,,,,
2019-10-11 07:55:00,253,18.045,,,,,
2019-10-11 08:00:00,254,18.045,,,,,
2019-10-11 08:05:00,255,18.045,,,,,
2019-10-11 08:10:00,256,17.95,,,,,
2019-10-11 08:15:00,257,17.95,,,,,
2019-10-11 08:20:00,258,17.95,,,,,
2019-10-11 08:25:00,259,17.95,,,,,
2019-10-11 08:30:00,260,18.045,,,,,
2019-10-11 08:35:00,261,18.045,,,,,
2019-10-11 08:40:00,262,18.14,,,,,
2019-10-11 08:45:00,263,18.14,,,,,
2019-10-11 08:50:00,264,18.14,,,,,
2019-10-11 08:55:00,265,18.14,,,,,
2019-10-11 09:00:00,266,18.14,,,,,
2019-10-11 09:05:00,267,18.14,,,,,
2019-10-11 09:10:00,268,18.14,,,,,
2019-10-11 09:15:00,269,18.236,,,,,
2019-10-11 09:20:00,270,18.236,,,,,
2019-10-11 09:25:00,271,18.236,,,,,
2019-10-11 09:30:00,272,18.236,,,,,
2019-10-11 09:35:00,273,18.236,,,,,
2019-10-11 09:40:00,274,18.236,,,,,
2019-10-11 09:45:00,275,18.236,,,,,
2019-10-11 09:50:00,276,18.236,,,,,
2019-10-11 09:55:00,277,18.236,,,,,
2019-10-11 10:00:00,278,18.236,,,,,
2019-10-11 10:05:00,279,18.236,,,,,
2019-10-11 10:10:00,280,18.236,,,,,
2019-10-11 10:15:00,281,18.236,,,,,
2019-10-11 10:20:00,282,18.236,,,,,
2019-10-11 10:25:00,283,18.331,,,,,
2019-10-11 10:30:00,284,18.331,,,,,
2019-10-11 10:35:00,285,18.426,,,,,
2019-10-11 10:40:00,286,18.426,,,,,
2019-10-11 10:45:00,287,18.426,,,,,
2019-10-11 10:50:00,288,18.426,,,,,
2019-10-11 10:55:00,289,18.426,,,,,
2019-10-11 11:00:00,290,18.426,,,,,
2019-10-11 11:05:00,291,18.426,,,,,
2019-10-11 11:10:00,292,18.331,,,,,
2019-10-11 11:15:00,293,18.331,,,,,
2019-10-11 11:20:00,294,18.331,,,,,
2019-10-11 11:25:00,295,18.331,,,,,
2019-10-11 11:30:00,296,18.426,,,,,
2019-10-11 11:35:00,297,18.331,,,,,
2019-10-11 11:40:00,298,18.331,,,,,
2019-10-11 11:45:00,299,18.331,,,,,
2019-10-11 11:50:00,300,18.331,,,,,
2019-10-11 11:55:00,301,18.331,,,,,
2019-10-11 12:00:00,302,18.331,,,,,
2019-10-11 12:05:00,303,18.331,,,,,
2019-10-11 12:10:00,304,18.236,,,,,
2019-10-11 12:15:00,305,18.236,,,,,
2019-10-11 12:20:00,306,18.236,,,,,
2019-10-11 12:25:00,307,18.236,,,,,
2019-10-11 12:30:00,308,18.236,,,,,
2019-10-11 12:35:00,309,18.236,,,,,
2019-10-11 12:40:00,310,18.236,,,,,
2019-10-11 12:45:00,311,18.236,,,,,
2019-10-11 12:50:00,312,18.236,,,,,
2019-10-11 12:55:00,313,18.236,,,,,
2019-10-11 13:00:00,314,18.236,,,,,
2019-10-11 13:05:00,315,18.236,,,,,
2019-10-11 13:10:00,316,18.236,,,,,
2019-10-11 13:15:00,317,18.236,,,,,
2019-10-11 13:20:00,318,18.236,,,,,
2019-10-11 13:25:00,319,18.236,,,,,
2019-10-11 13:30:00,320,18.236,,,,,
2019-10-11 13:35:00,321,18.236,,,,,
2019-10-11 13:40:00,322,18.236,,,,,
2019-10-11 13:45:00,323,18.236,,,,,
2019-10-11 13:50:00,324,18.236,,,,,
2019-10-11 13:55:00,325,18.236,,,,,
2019-10-11 14:00:00,326,18.236,,,,,
2019-10-11 14:05:00,327,18.236,,,,,
2019-10-11 14:10:00,328,18.331,,,,,
2019-10-11 14:15:00,329,18.331,,,,,
2019-10-11 14:20:00,330,18.331,,,,,
2019-10-11 14:25:00,331,18.331,,,,,
2019-10-11 14:30:00,332,18.331,,,,,
2019-10-11 14:35:00,333,18.331,,,,,
2019-10-11 14:40:00,334,18.426,,,,,
2019-10-11 14:45:00,335,18.426,,,,,
2019-10-11 14:50:00,336,18.426,,,,,
2019-10-11 14:55:00,337,18.426,,,,,
2019-10-11 15:00:00,338,18.521,,,,,
2019-10-11 15:05:00,339,18.521,,,,,
2019-10-11 15:10:00,340,18.521,,,,,
2019-10-11 15:15:00,341,18.426,,,,,
2019-10-11 15:20:00,342,18.521,,,,,
2019-10-11 15:25:00,343,18.521,,,,,
2019-10-11 15:30:00,344,18.521,,,,,
2019-10-11 15:35:00,345,18.521,,,,,
2019-10-11 15:40:00,346,18.521,,,,,
2019-10-11 15:45:00,347,18.521,,,,,
2019-10-11 15:50:00,348,18.521,,,,,
2019-10-11 15:55:00,349,18.521,,,,,
2019-10-11 16:00:00,350,18.426,,,,,
2019-10-11 16:05:00,351,18.426,,,,,
2019-10-11 16:10:00,352,18.331,,,,,
2019-10-11 16:15:00,353,18.426,,,,,
2019-10-11 16:20:00,354,18.426,,,,,
2019-10-11 16:25:00,355,18.426,,,,,
2019-10-11 16:30:00,356,18.426,,,,,
2019-10-11 16:35:00,357,18.426,,,,,
2019-10-11 16:40:00,358,18.616,,,,,
2019-10-11 16:45:00,359,18.901,,,,,
2019-10-11 16:50:00,360,19.092,,,,,
2019-10-11 16:55:00,361,19.187,,,,,
2019-10-11 17:00:00,362,19.187,,,,,
2019-10-11 17:05:00,363,19.092,,,,,
2019-10-11 17:10:00,364,19.092,,,,,
2019-10-11 17:15:00,365,18.996,,,,,
2019-10-11 17:20:00,366,18.996,,,,,
2019-10-11 17:25:00,367,18.901,,,,,
2019-10-11 17:30:00,368,18.901,,,,,
2019-10-11 17:35:00,369,18.901,,,,,
2019-10-11 17:40:00,370,18.901,,,,,
2019-10-11 17:45:00,371,18.901,,,,,
2019-10-11 17:50:00,372,18.901,,,,,
2019-10-11 17:55:00,373,18.996,,,,,
2019-10-11 18:00:00,374,18.996,,,,,
2019-10-11 18:05:00,375,18.996,,,,,
2019-10-11 18:10:00,376,18.996,,,,,
2019-10-11 18:15:00,377,18.996,,,,,
2019-10-11 18:20:00,378,18.996,,,,,
2019-10-11 18:25:00,379,18.996,,,,,
2019-10-11 18:30:00,380,19.092,,,,,
2019-10-11 18:35:00,381,19.092,,,,,
2019-10-11 18:40:00,382,19.187,,,,,
2019-10-11 18:45:00,383,19.187,,,,,
2019-10-11 18:50:00,384,19.187,,,,,
2019-10-11 18:55:00,385,19.187,,,,,
2019-10-11 19:00:00,386,19.187,,,,,
2019-10-11 19:05:00,387,19.187,,,,,
2019-10-11 19:10:00,388,19.187,,,,,
2019-10-11 19:15:00,389,19.187,,,,,
2019-10-11 19:20:00,390,19.187,,,,,
2019-10-11 19:25:00,391,19.187,,,,,
2019-10-11 19:30:00,392,19.282,,,,,
2019-10-11 19:35:00,393,19.187,,,,,
2019-10-11 19:40:00,394,19.187,,,,,
2019-10-11 19:45:00,395,19.187,,,,,
2019-10-11 19:50:00,396,19.187,,,,,
2019-10-11 19:55:00,397,19.187,,,,,
2019-10-11 20:00:00,398,19.187,,,,,
2019-10-11 20:05:00,399,19.092,,,,,
2019-10-11 20:10:00,400,19.092,,,,,
2019-10-11 20:15:00,401,19.092,,,,,
2019-10-11 20:20:00,402,18.996,,,,,
2019-10-11 20:25:00,403,18.805999999999997,,,,,
2019-10-11 20:30:00,404,18.711,,,,,
2019-10-11 20:35:00,405,18.616,,,,,
2019-10-11 20:40:00,406,18.805999999999997,,,,,
2019-10-11 20:45:00,407,19.377,,,,,
2019-10-11 20:50:00,408,19.852999999999998,,,,,
2019-10-11 20:55:00,409,20.329,,,,,
2019-10-11 21:00:00,410,20.519000000000002,,,,,
2019-10-11 21:05:00,411,20.615,,,,,
2019-10-11 21:10:00,412,20.519000000000002,,,,,
2019-10-11 21:15:00,413,20.329,,,,,
2019-10-11 21:20:00,414,20.234,,,,,
2019-10-11 21:25:00,415,20.043,,,,,
2019-10-11 21:30:00,416,20.043,,,,,
2019-10-11 21:35:00,417,19.948,,,,,
2019-10-11 21:40:00,418,19.758,,,,,
2019-10-11 21:45:00,419,19.662,,,,,
2019-10-11 21:50:00,420,19.567,,,,,
2019-10-11 21:55:00,421,19.377,,,,,
2019-10-11 22:00:00,422,19.377,,,,,
2019-10-11 22:05:00,423,19.282,,,,,
2019-10-11 22:10:00,424,19.187,,,,,
2019-10-11 22:15:00,425,19.092,,,,,
2019-10-11 22:20:00,426,18.996,,,,,
2019-10-11 22:25:00,427,18.901,,,,,
2019-10-11 22:30:00,428,18.805999999999997,,,,,
2019-10-11 22:35:00,429,18.805999999999997,,,,,
2019-10-11 22:40:00,430,18.711,,,,,
2019-10-11 22:45:00,431,18.711,,,,,
2019-10-11 22:50:00,432,18.711,,,,,
2019-10-11 22:55:00,433,18.711,,,,,
2019-10-11 23:00:00,434,18.711,,,,,
2019-10-11 23:05:00,435,18.805999999999997,,,,,
2019-10-11 23:10:00,436,18.711,,,,,
2019-10-11 23:15:00,437,18.711,,,,,
2019-10-11 23:20:00,438,18.711,,,,,
2019-10-11 23:25:00,439,18.711,,,,,
2019-10-11 23:30:00,440,18.616,,,,,
2019-10-11 23:35:00,441,18.616,,,,,
2019-10-11 23:40:00,442,18.616,,,,,
2019-10-11 23:45:00,443,18.616,,,,,
2019-10-11 23:50:00,444,18.616,,,,,
2019-10-11 23:55:00,445,18.521,,,,,
2019-10-12 00:00:00,446,18.521,,,,,
2019-10-12 00:05:00,447,18.521,,,,,
2019-10-12 00:10:00,448,18.521,,,,,
2019-10-12 00:15:00,449,18.521,,,,,
2019-10-12 00:20:00,450,18.521,,,,,
2019-10-12 00:25:00,451,18.426,,,,,
2019-10-12 00:30:00,452,18.521,,,,,
2019-10-12 00:35:00,453,18.426,,,,,
2019-10-12 00:40:00,454,18.426,,,,,
2019-10-12 00:45:00,455,18.521,,,,,
2019-10-12 00:50:00,456,18.521,,,,,
2019-10-12 00:55:00,457,18.521,,,,,
2019-10-12 01:00:00,458,18.521,,,,,
2019-10-12 01:05:00,459,18.521,,,,,
2019-10-12 01:10:00,460,18.521,,,,,
2019-10-12 01:15:00,461,18.521,,,,,
2019-10-12 01:20:00,462,18.426,,,,,
2019-10-12 01:25:00,463,18.426,,,,,
2019-10-12 01:30:00,464,18.426,,,,,
2019-10-12 01:35:00,465,18.426,,,,,
2019-10-12 01:40:00,466,18.426,,,,,
2019-10-12 01:45:00,467,18.331,,,,,
2019-10-12 01:50:00,468,18.331,,,,,
2019-10-12 01:55:00,469,18.331,,,,,
2019-10-12 02:00:00,470,18.331,,,,,
2019-10-12 02:05:00,471,18.331,,,,,
2019-10-12 02:10:00,472,18.236,,,,,
2019-10-12 02:15:00,473,18.236,,,,,
2019-10-12 02:20:00,474,18.236,,,,,
2019-10-12 02:25:00,475,18.236,,,,,
2019-10-12 02:30:00,476,18.236,,,,,
2019-10-12 02:35:00,477,18.236,,,,,
2019-10-12 02:40:00,478,18.236,,,,,
2019-10-12 02:45:00,479,18.14,,,,,
2019-10-12 02:50:00,480,18.14,,,,,
2019-10-12 02:55:00,481,18.14,,,,,
2019-10-12 03:00:00,482,18.14,,,,,
2019-10-12 03:05:00,483,18.14,,,,,
2019-10-12 03:10:00,484,18.14,,,,,
2019-10-12 03:15:00,485,18.14,,,,,
2019-10-12 03:20:00,486,18.14,,,,,
2019-10-12 03:25:00,487,18.045,,,,,
2019-10-12 03:30:00,488,18.045,,,,,
2019-10-12 03:35:00,489,18.045,,,,,
2019-10-12 03:40:00,490,18.045,,,,,
2019-10-12 03:45:00,491,18.045,,,,,
2019-10-12 03:50:00,492,18.045,,,,,
2019-10-12 03:55:00,493,18.045,,,,,
2019-10-12 04:00:00,494,18.045,,,,,
2019-10-12 04:05:00,495,18.045,,,,,
2019-10-12 04:10:00,496,18.045,,,,,
2019-10-12 04:15:00,497,17.95,,,,,
2019-10-12 04:20:00,498,17.95,,,,,
2019-10-12 04:25:00,499,17.95,,,,,
2019-10-12 04:30:00,500,17.95,,,,,
2019-10-12 04:35:00,501,17.95,,,,,
2019-10-12 04:40:00,502,17.95,,,,,
2019-10-12 04:45:00,503,17.95,,,,,
2019-10-12 04:50:00,504,17.95,,,,,
2019-10-12 04:55:00,505,17.95,,,,,
2019-10-12 05:00:00,506,17.95,,,,,
2019-10-12 05:05:00,507,17.855,,,,,
2019-10-12 05:10:00,508,17.855,,,,,
2019-10-12 05:15:00,509,17.855,,,,,
2019-10-12 05:20:00,510,17.855,,,,,
2019-10-12 05:25:00,511,17.855,,,,,
2019-10-12 05:30:00,512,17.855,,,,,
2019-10-12 05:35:00,513,17.855,,,,,
2019-10-12 05:40:00,514,17.855,,,,,
2019-10-12 05:45:00,515,17.855,,,,,
2019-10-12 05:50:00,516,17.855,,,,,
2019-10-12 05:55:00,517,17.76,,,,,
2019-10-12 06:00:00,518,17.855,,,,,
2019-10-12 06:05:00,519,17.76,,,,,
2019-10-12 06:10:00,520,17.76,,,,,
2019-10-12 06:15:00,521,17.76,,,,,
2019-10-12 06:20:00,522,17.76,,,,,
2019-10-12 06:25:00,523,17.76,,,,,
2019-10-12 06:30:00,524,17.76,,,,,
2019-10-12 06:35:00,525,17.76,,,,,
2019-10-12 06:40:00,526,17.76,,,,,
2019-10-12 06:45:00,527,17.76,,,,,
2019-10-12 06:50:00,528,17.76,,,,,
2019-10-12 06:55:00,529,18.045,,,,,
2019-10-12 07:00:00,530,18.616,,,,,
2019-10-12 07:05:00,531,18.996,,,,,
2019-10-12 07:10:00,532,19.187,,,,,
2019-10-12 07:15:00,533,19.187,,,,,
2019-10-12 07:20:00,534,19.092,,,,,
2019-10-12 07:25:00,535,18.996,,,,,
2019-10-12 07:30:00,536,18.901,,,,,
2019-10-12 07:35:00,537,18.805999999999997,,,,,
2019-10-12 07:40:00,538,18.805999999999997,,,,,
2019-10-12 07:45:00,539,18.616,,,,,
2019-10-12 07:50:00,540,18.616,,,,,
2019-10-12 07:55:00,541,18.521,,,,,
2019-10-12 08:00:00,542,18.521,,,,,
2019-10-12 08:05:00,543,18.426,,,,,
2019-10-12 08:10:00,544,18.331,,,,,
2019-10-12 08:15:00,545,18.331,,,,,
2019-10-12 08:20:00,546,18.236,,,,,
2019-10-12 08:25:00,547,18.236,,,,,
2019-10-12 08:30:00,548,18.14,,,,,
2019-10-12 08:35:00,549,18.14,,,,,
2019-10-12 08:40:00,550,18.14,,,,,
2019-10-12 08:45:00,551,18.045,,,,,
2019-10-12 08:50:00,552,18.045,,,,,
2019-10-12 08:55:00,553,18.045,,,,,
2019-10-12 09:00:00,554,18.045,,,,,
2019-10-12 09:05:00,555,17.95,,,,,
2019-10-12 09:10:00,556,17.95,,,,,
2019-10-12 09:15:00,557,17.95,,,,,
2019-10-12 09:20:00,558,17.95,,,,,
2019-10-12 09:25:00,559,18.045,,,,,
2019-10-12 09:30:00,560,18.045,,,,,
2019-10-12 09:35:00,561,18.045,,,,,
2019-10-12 09:40:00,562,18.045,,,,,
2019-10-12 09:45:00,563,18.045,,,,,
2019-10-12 09:50:00,564,18.045,,,,,
2019-10-12 09:55:00,565,18.045,,,,,
2019-10-12 10:00:00,566,18.045,,,,,
2019-10-12 10:05:00,567,17.95,,,,,
2019-10-12 10:10:00,568,18.045,,,,,
2019-10-12 10:15:00,569,17.95,,,,,
2019-10-12 10:20:00,570,17.95,,,,,
2019-10-12 10:25:00,571,17.95,,,,,
2019-10-12 10:30:00,572,17.95,,,,,
2019-10-12 10:35:00,573,17.95,,,,,
2019-10-12 10:40:00,574,17.95,,,,,
2019-10-12 10:45:00,575,17.95,,,,,
2019-10-12 10:50:00,576,17.95,,,,,
2019-10-12 10:55:00,577,17.95,,,,,
2019-10-12 11:00:00,578,17.95,,,,,
2019-10-12 11:05:00,579,17.855,,,,,
2019-10-12 11:10:00,580,17.855,,,,,
2019-10-12 11:15:00,581,17.95,,,,,
2019-10-12 11:20:00,582,17.95,,,,,
2019-10-12 11:25:00,583,17.95,,,,,
2019-10-12 11:30:00,584,17.95,,,,,
2019-10-12 11:35:00,585,17.95,,,,,
2019-10-12 11:40:00,586,17.95,,,,,
2019-10-12 11:45:00,587,17.95,,,,,
2019-10-12 11:50:00,588,17.95,,,,,
2019-10-12 11:55:00,589,17.95,,,,,
2019-10-12 12:00:00,590,17.95,,,,,
2019-10-12 12:05:00,591,17.95,,,,,
2019-10-12 12:10:00,592,18.045,,,,,
2019-10-12 12:15:00,593,18.045,,,,,
2019-10-12 12:20:00,594,18.045,,,,,
2019-10-12 12:25:00,595,18.045,,,,,
2019-10-12 12:30:00,596,18.045,,,,,
2019-10-12 12:35:00,597,18.045,,,,,
2019-10-12 12:40:00,598,18.045,,,,,
2019-10-12 12:45:00,599,18.045,,,,,
2019-10-12 12:50:00,600,18.045,,,,,
2019-10-12 12:55:00,601,18.045,,,,,
2019-10-12 13:00:00,602,18.045,,,,,
2019-10-12 13:05:00,603,18.045,,,,,
2019-10-12 13:10:00,604,18.045,,,,,
2019-10-12 13:15:00,605,18.045,,,,,
2019-10-12 13:20:00,606,18.045,,,,,
2019-10-12 13:25:00,607,18.045,,,,,
2019-10-12 13:30:00,608,18.14,,,,,
2019-10-12 13:35:00,609,18.236,,,,,
2019-10-12 13:40:00,610,18.331,,,,,
2019-10-12 13:45:00,611,18.426,,,,,
2019-10-12 13:50:00,612,18.521,,,,,
2019-10-12 13:55:00,613,18.616,,,,,
2019-10-12 14:00:00,614,18.711,,,,,
2019-10-12 14:05:00,615,18.805999999999997,,,,,
2019-10-12 14:10:00,616,18.805999999999997,,,,,
2019-10-12 14:15:00,617,18.901,,,,,
2019-10-12 14:20:00,618,18.901,,,,,
2019-10-12 14:25:00,619,18.996,,,,,
2019-10-12 14:30:00,620,18.996,,,,,
2019-10-12 14:35:00,621,18.996,,,,,
2019-10-12 14:40:00,622,18.996,,,,,
2019-10-12 14:45:00,623,18.901,,,,,
2019-10-12 14:50:00,624,18.901,,,,,
2019-10-12 14:55:00,625,18.901,,,,,
2019-10-12 15:00:00,626,18.901,,,,,
2019-10-12 15:05:00,627,18.996,,,,,
2019-10-12 15:10:00,628,18.996,,,,,
2019-10-12 15:15:00,629,19.092,,,,,
2019-10-12 15:20:00,630,19.092,,,,,
2019-10-12 15:25:00,631,19.092,,,,,
2019-10-12 15:30:00,632,18.996,,,,,
2019-10-12 15:35:00,633,18.996,,,,,
2019-10-12 15:40:00,634,18.996,,,,,
2019-10-12 15:45:00,635,18.996,,,,,
2019-10-12 15:50:00,636,18.996,,,,,
2019-10-12 15:55:00,637,18.996,,,,,
2019-10-12 16:00:00,638,18.996,,,,,
2019-10-12 16:05:00,639,18.996,,,,,
2019-10-12 16:10:00,640,18.996,,,,,
2019-10-12 16:15:00,641,18.996,,,,,
2019-10-12 16:20:00,642,18.996,,,,,
2019-10-12 16:25:00,643,18.901,,,,,
2019-10-12 16:30:00,644,18.901,,,,,
2019-10-12 16:35:00,645,18.901,,,,,
2019-10-12 16:40:00,646,18.901,,,,,
2019-10-12 16:45:00,647,18.805999999999997,,,,,
2019-10-12 16:50:00,648,18.805999999999997,,,,,
2019-10-12 16:55:00,649,18.805999999999997,,,,,
2019-10-12 17:00:00,650,18.805999999999997,,,,,
2019-10-12 17:05:00,651,18.805999999999997,,,,,
2019-10-12 17:10:00,652,18.805999999999997,,,,,
2019-10-12 17:15:00,653,18.711,,,,,
2019-10-12 17:20:00,654,18.711,,,,,
2019-10-12 17:25:00,655,18.711,,,,,
2019-10-12 17:30:00,656,18.711,,,,,
2019-10-12 17:35:00,657,18.711,,,,,
2019-10-12 17:40:00,658,18.711,,,,,
2019-10-12 17:45:00,659,18.711,,,,,
2019-10-12 17:50:00,660,18.711,,,,,
2019-10-12 17:55:00,661,18.616,,,,,
2019-10-12 18:00:00,662,18.616,,,,,
2019-10-12 18:05:00,663,18.616,,,,,
2019-10-12 18:10:00,664,18.616,,,,,
2019-10-12 18:15:00,665,18.616,,,,,
2019-10-12 18:20:00,666,18.616,,,,,
2019-10-12 18:25:00,667,18.616,,,,,
2019-10-12 18:30:00,668,18.711,,,,,
2019-10-12 18:35:00,669,18.805999999999997,,,,,
2019-10-12 18:40:00,670,18.805999999999997,,,,,
2019-10-12 18:45:00,671,18.805999999999997,,,,,
2019-10-12 18:50:00,672,18.901,,,,,
2019-10-12 18:55:00,673,18.996,,,,,
2019-10-12 19:00:00,674,19.092,,,,,
2019-10-12 19:05:00,675,19.092,,,,,
2019-10-12 19:10:00,676,19.092,,,,,
2019-10-12 19:15:00,677,19.092,,,,,
2019-10-12 19:20:00,678,19.092,,,,,
2019-10-12 19:25:00,679,19.092,,,,,
2019-10-12 19:30:00,680,19.092,,,,,
2019-10-12 19:35:00,681,19.092,,,,,
2019-10-12 19:40:00,682,19.092,,,,,
2019-10-12 19:45:00,683,19.092,,,,,
2019-10-12 19:50:00,684,18.996,,,,,
2019-10-12 19:55:00,685,18.996,,,,,
2019-10-12 20:00:00,686,18.996,,,,,
2019-10-12 20:05:00,687,18.996,,,,,
2019-10-12 20:10:00,688,18.996,,,,,
2019-10-12 20:15:00,689,18.996,,,,,
2019-10-12 20:20:00,690,18.996,,,,,
2019-10-12 20:25:00,691,18.996,,,,,
2019-10-12 20:30:00,692,18.996,,,,,
2019-10-12 20:35:00,693,18.996,,,,,
2019-10-12 20:40:00,694,18.901,,,,,
2019-10-12 20:45:00,695,18.805999999999997,,,,,
2019-10-12 20:50:00,696,18.805999999999997,,,,,
2019-10-12 20:55:00,697,18.805999999999997,,,,,
2019-10-12 21:00:00,698,18.805999999999997,,,,,
2019-10-12 21:05:00,699,18.805999999999997,,,,,
2019-10-12 21:10:00,700,18.805999999999997,,,,,
2019-10-12 21:15:00,701,18.805999999999997,,,,,
2019-10-12 21:20:00,702,18.901,,,,,
2019-10-12 21:25:00,703,19.092,,,,,
2019-10-12 21:30:00,704,19.377,,,,,
2019-10-12 21:35:00,705,19.567,,,,,
2019-10-12 21:40:00,706,19.662,,,,,
2019-10-12 21:45:00,707,19.662,,,,,
2019-10-12 21:50:00,708,19.758,,,,,
2019-10-12 21:55:00,709,19.662,,,,,
2019-10-12 22:00:00,710,19.758,,,,,
2019-10-12 22:05:00,711,19.758,,,,,
2019-10-12 22:10:00,712,19.662,,,,,
2019-10-12 22:15:00,713,19.662,,,,,
2019-10-12 22:20:00,714,19.567,,,,,
2019-10-12 22:25:00,715,19.567,,,,,
2019-10-12 22:30:00,716,19.567,,,,,
2019-10-12 22:35:00,717,19.472,,,,,
2019-10-12 22:40:00,718,19.472,,,,,
2019-10-12 22:45:00,719,19.377,,,,,
2019-10-12 22:50:00,720,19.282,,,,,
2019-10-12 22:55:00,721,19.187,,,,,
2019-10-12 23:00:00,722,19.092,,,,,
2019-10-12 23:05:00,723,18.996,,,,,
2019-10-12 23:10:00,724,18.901,,,,,
2019-10-12 23:15:00,725,18.901,,,,,
2019-10-12 23:20:00,726,18.805999999999997,,,,,
2019-10-12 23:25:00,727,18.805999999999997,,,,,
2019-10-12 23:30:00,728,18.711,,,,,
2019-10-12 23:35:00,729,18.711,,,,,
2019-10-12 23:40:00,730,18.616,,,,,
2019-10-12 23:45:00,731,18.616,,,,,
2019-10-12 23:50:00,732,18.521,,,,,
2019-10-12 23:55:00,733,18.521,,,,,
2019-10-13 00:00:00,734,18.521,,,,,
2019-10-13 00:05:00,735,18.521,,,,,
2019-10-13 00:10:00,736,18.426,,,,,
2019-10-13 00:15:00,737,18.426,,,,,
2019-10-13 00:20:00,738,18.426,,,,,
2019-10-13 00:25:00,739,18.426,,,,,
2019-10-13 00:30:00,740,18.331,,,,,
2019-10-13 00:35:00,741,18.331,,,,,
2019-10-13 00:40:00,742,18.331,,,,,
2019-10-13 00:45:00,743,18.331,,,,,
2019-10-13 00:50:00,744,18.331,,,,,
2019-10-13 00:55:00,745,18.236,,,,,
2019-10-13 01:00:00,746,18.236,,,,,
2019-10-13 01:05:00,747,18.236,,,,,
2019-10-13 01:10:00,748,18.236,,,,,
2019-10-13 01:15:00,749,18.236,,,,,
2019-10-13 01:20:00,750,18.14,,,,,
2019-10-13 01:25:00,751,18.14,,,,,
2019-10-13 01:30:00,752,18.14,,,,,
2019-10-13 01:35:00,753,18.14,,,,,
2019-10-13 01:40:00,754,18.14,,,,,
2019-10-13 01:45:00,755,18.14,,,,,
2019-10-13 01:50:00,756,18.14,,,,,
2019-10-13 01:55:00,757,18.14,,,,,
2019-10-13 02:00:00,758,18.14,,,,,
2019-10-13 02:05:00,759,18.045,,,,,
2019-10-13 02:10:00,760,18.045,,,,,
2019-10-13 02:15:00,761,18.045,,,,,
2019-10-13 02:20:00,762,18.045,,,,,
2019-10-13 02:25:00,763,18.045,,,,,
2019-10-13 02:30:00,764,18.045,,,,,
2019-10-13 02:35:00,765,18.045,,,,,
2019-10-13 02:40:00,766,18.045,,,,,
2019-10-13 02:45:00,767,18.045,,,,,
2019-10-13 02:50:00,768,18.045,,,,,
2019-10-13 02:55:00,769,17.95,,,,,
2019-10-13 03:00:00,770,17.95,,,,,
2019-10-13 03:05:00,771,17.95,,,,,
2019-10-13 03:10:00,772,17.95,,,,,
2019-10-13 03:15:00,773,17.95,,,,,
2019-10-13 03:20:00,774,17.95,,,,,
2019-10-13 03:25:00,775,17.95,,,,,
2019-10-13 03:30:00,776,17.95,,,,,
2019-10-13 03:35:00,777,17.95,,,,,
2019-10-13 03:40:00,778,17.95,,,,,
2019-10-13 03:45:00,779,17.95,,,,,
2019-10-13 03:50:00,780,17.855,,,,,
2019-10-13 03:55:00,781,17.855,,,,,
2019-10-13 04:00:00,782,17.855,,,,,
2019-10-13 04:05:00,783,17.855,,,,,
2019-10-13 04:10:00,784,17.855,,,,,
2019-10-13 04:15:00,785,17.855,,,,,
2019-10-13 04:20:00,786,17.855,,,,,
2019-10-13 04:25:00,787,17.855,,,,,
2019-10-13 04:30:00,788,17.855,,,,,
2019-10-13 04:35:00,789,17.855,,,,,
2019-10-13 04:40:00,790,17.855,,,,,
2019-10-13 04:45:00,791,17.855,,,,,
2019-10-13 04:50:00,792,17.855,,,,,
2019-10-13 04:55:00,793,17.855,,,,,
2019-10-13 05:00:00,794,17.76,,,,,
2019-10-13 05:05:00,795,17.76,,,,,
2019-10-13 05:10:00,796,17.76,,,,,
2019-10-13 05:15:00,797,17.76,,,,,
2019-10-13 05:20:00,798,17.76,,,,,
2019-10-13 05:25:00,799,17.76,,,,,
2019-10-13 05:30:00,800,17.76,,,,,
2019-10-13 05:35:00,801,17.76,,,,,
2019-10-13 05:40:00,802,17.76,,,,,
2019-10-13 05:45:00,803,17.76,,,,,
2019-10-13 05:50:00,804,17.76,,,,,
2019-10-13 05:55:00,805,17.665,,,,,
2019-10-13 06:00:00,806,17.665,,,,,
2019-10-13 06:05:00,807,17.665,,,,,
2019-10-13 06:10:00,808,17.76,,,,,
2019-10-13 06:15:00,809,18.045,,,,,
2019-10-13 06:20:00,810,18.331,,,,,
2019-10-13 06:25:00,811,18.711,,,,,
2019-10-13 06:30:00,812,18.996,,,,,
2019-10-13 06:35:00,813,19.282,,,,,
2019-10-13 06:40:00,814,19.472,,,,,
2019-10-13 06:45:00,815,19.662,,,,,
2019-10-13 06:50:00,816,19.758,,,,,
2019-10-13 06:55:00,817,19.758,,,,,
2019-10-13 07:00:00,818,19.758,,,,,
2019-10-13 07:05:00,819,19.662,,,,,
2019-10-13 07:10:00,820,19.662,,,,,
2019-10-13 07:15:00,821,19.567,,,,,
2019-10-13 07:20:00,822,19.472,,,,,
2019-10-13 07:25:00,823,19.377,,,,,
2019-10-13 07:30:00,824,19.282,,,,,
2019-10-13 07:35:00,825,19.187,,,,,
2019-10-13 07:40:00,826,19.187,,,,,
2019-10-13 07:45:00,827,19.187,,,,,
2019-10-13 07:50:00,828,19.377,,,,,
2019-10-13 07:55:00,829,19.472,,,,,
2019-10-13 08:00:00,830,19.567,,,,,
2019-10-13 08:05:00,831,19.567,,,,,
2019-10-13 08:10:00,832,19.567,,,,,
2019-10-13 08:15:00,833,19.472,,,,,
2019-10-13 08:20:00,834,19.472,,,,,
2019-10-13 08:25:00,835,19.377,,,,,
2019-10-13 08:30:00,836,19.377,,,,,
2019-10-13 08:35:00,837,19.377,,,,,
2019-10-13 08:40:00,838,19.282,,,,,
2019-10-13 08:45:00,839,19.187,,,,,
2019-10-13 08:50:00,840,19.187,,,,,
2019-10-13 08:55:00,841,19.092,,,,,
2019-10-13 09:00:00,842,18.996,,,,,
2019-10-13 09:05:00,843,18.996,,,,,
2019-10-13 09:10:00,844,18.996,,,,,
2019-10-13 09:15:00,845,18.996,,,,,
2019-10-13 09:20:00,846,18.996,,,,,
2019-10-13 09:25:00,847,19.092,,,,,
2019-10-13 09:30:00,848,19.092,,,,,
2019-10-13 09:35:00,849,19.092,,,,,
2019-10-13 09:40:00,850,18.996,,,,,
2019-10-13 09:45:00,851,18.996,,,,,
2019-10-13 09:50:00,852,18.901,,,,,
2019-10-13 09:55:00,853,18.805999999999997,,,,,
2019-10-13 10:00:00,854,18.805999999999997,,,,,
2019-10-13 10:05:00,855,18.805999999999997,,,,,
2019-10-13 10:10:00,856,18.711,,,,,
2019-10-13 10:15:00,857,18.711,,,,,
2019-10-13 10:20:00,858,18.711,,,,,
2019-10-13 10:25:00,859,18.616,,,,,
2019-10-13 10:30:00,860,18.616,,,,,
2019-10-13 10:35:00,861,18.616,,,,,
2019-10-13 10:40:00,862,18.616,,,,,
2019-10-13 10:45:00,863,18.616,,,,,
2019-10-13 10:50:00,864,18.521,,,,,
2019-10-13 10:55:00,865,18.521,,,,,
2019-10-13 11:00:00,866,18.521,,,,,
2019-10-13 11:05:00,867,18.426,,,,,
2019-10-13 11:10:00,868,18.426,,,,,
2019-10-13 11:15:00,869,18.426,,,,,
2019-10-13 11:20:00,870,18.426,,,,,
2019-10-13 11:25:00,871,18.426,,,,,
2019-10-13 11:30:00,872,18.426,,,,,
2019-10-13 11:35:00,873,18.426,,,,,
2019-10-13 11:40:00,874,18.331,,,,,
2019-10-13 11:45:00,875,18.331,,,,,
2019-10-13 11:50:00,876,18.331,,,,,
2019-10-13 11:55:00,877,18.426,,,,,
2019-10-13 12:00:00,878,18.426,,,,,
2019-10-13 12:05:00,879,18.426,,,,,
2019-10-13 12:10:00,880,18.426,,,,,
2019-10-13 12:15:00,881,18.426,,,,,
2019-10-13 12:20:00,882,18.426,,,,,
2019-10-13 12:25:00,883,18.426,,,,,
2019-10-13 12:30:00,884,18.426,,,,,
2019-10-13 12:35:00,885,18.426,,,,,
2019-10-13 12:40:00,886,18.426,,,,,
2019-10-13 12:45:00,887,18.426,,,,,
2019-10-13 12:50:00,888,18.331,,,,,
2019-10-13 12:55:00,889,18.331,,,,,
2019-10-13 13:00:00,890,18.331,,,,,
2019-10-13 13:05:00,891,18.236,,,,,
2019-10-13 13:10:00,892,18.236,,,,,
2019-10-13 13:15:00,893,18.236,,,,,
2019-10-13 13:20:00,894,18.236,,,,,
2019-10-13 13:25:00,895,18.14,,,,,
2019-10-13 13:30:00,896,18.14,,,,,
2019-10-13 13:35:00,897,18.236,,,,,
2019-10-13 13:40:00,898,18.236,,,,,
2019-10-13 13:45:00,899,18.236,,,,,
2019-10-13 13:50:00,900,18.236,,,,,
2019-10-13 13:55:00,901,18.236,,,,,
2019-10-13 14:00:00,902,18.236,,,,,
2019-10-13 14:05:00,903,18.236,,,,,
2019-10-13 14:10:00,904,18.236,,,,,
2019-10-13 14:15:00,905,18.236,,,,,
2019-10-13 14:20:00,906,18.236,,,,,
2019-10-13 14:25:00,907,18.236,,,,,
2019-10-13 14:30:00,908,18.14,,,,,
2019-10-13 14:35:00,909,18.14,,,,,
2019-10-13 14:40:00,910,18.14,,,,,
2019-10-13 14:45:00,911,18.14,,,,,
2019-10-13 14:50:00,912,18.14,,,,,
2019-10-13 14:55:00,913,18.14,,,,,
2019-10-13 15:00:00,914,18.14,,,,,
2019-10-13 15:05:00,915,18.14,,,,,
2019-10-13 15:10:00,916,18.14,,,,,
2019-10-13 15:15:00,917,18.14,,,,,
2019-10-13 15:20:00,918,18.14,,,,,
2019-10-13 15:25:00,919,18.236,,,,,
2019-10-13 15:30:00,920,18.236,,,,,
2019-10-13 15:35:00,921,18.331,,,,,
2019-10-13 15:40:00,922,18.426,,,,,
2019-10-13 15:45:00,923,18.426,,,,,
2019-10-13 15:50:00,924,18.426,,,,,
2019-10-13 15:55:00,925,18.331,,,,,
2019-10-13 16:00:00,926,18.331,,,,,
2019-10-13 16:05:00,927,18.331,,,,,
2019-10-13 16:10:00,928,18.426,,,,,
2019-10-13 16:15:00,929,18.331,,,,,
2019-10-13 16:20:00,930,18.331,,,,,
2019-10-13 16:25:00,931,18.331,,,,,
2019-10-13 16:30:00,932,18.236,,,,,
2019-10-13 16:35:00,933,18.236,,,,,
2019-10-13 16:40:00,934,18.236,,,,,
2019-10-13 16:45:00,935,18.14,,,,,
2019-10-13 16:50:00,936,18.14,,,,,
2019-10-13 16:55:00,937,18.045,,,,,
2019-10-13 17:00:00,938,18.045,,,,,
2019-10-13 17:05:00,939,18.045,,,,,
2019-10-13 17:10:00,940,17.95,,,,,
2019-10-13 17:15:00,941,17.95,,,,,
2019-10-13 17:20:00,942,18.045,,,,,
2019-10-13 17:25:00,943,18.331,,,,,
2019-10-13 17:30:00,944,18.521,,,,,
2019-10-13 17:35:00,945,18.711,,,,,
2019-10-13 17:40:00,946,18.805999999999997,,,,,
2019-10-13 17:45:00,947,18.805999999999997,,,,,
2019-10-13 17:50:00,948,18.805999999999997,,,,,
2019-10-13 17:55:00,949,18.805999999999997,,,,,
2019-10-13 18:00:00,950,18.805999999999997,,,,,
2019-10-13 18:05:00,951,18.805999999999997,,,,,
2019-10-13 18:10:00,952,18.901,,,,,
2019-10-13 18:15:00,953,18.901,,,,,
2019-10-13 18:20:00,954,18.996,,,,,
2019-10-13 18:25:00,955,19.187,,,,,
2019-10-13 18:30:00,956,19.282,,,,,
2019-10-13 18:35:00,957,19.377,,,,,
2019-10-13 18:40:00,958,19.472,,,,,
2019-10-13 18:45:00,959,19.567,,,,,
2019-10-13 18:50:00,960,19.472,,,,,
2019-10-13 18:55:00,961,19.472,,,,,
2019-10-13 19:00:00,962,19.377,,,,,
2019-10-13 19:05:00,963,19.377,,,,,
2019-10-13 19:10:00,964,19.282,,,,,
2019-10-13 19:15:00,965,19.187,,,,,
2019-10-13 19:20:00,966,19.187,,,,,
2019-10-13 19:25:00,967,19.187,,,,,
2019-10-13 19:30:00,968,19.092,,,,,
2019-10-13 19:35:00,969,19.092,,,,,
2019-10-13 19:40:00,970,19.092,,,,,
2019-10-13 19:45:00,971,19.092,,,,,
2019-10-13 19:50:00,972,19.092,,,,,
2019-10-13 19:55:00,973,19.092,,,,,
2019-10-13 20:00:00,974,18.996,,,,,
2019-10-13 20:05:00,975,18.996,,,,,
2019-10-13 20:10:00,976,18.996,,,,,
2019-10-13 20:15:00,977,18.996,,,,,
2019-10-13 20:20:00,978,18.996,,,,,
2019-10-13 20:25:00,979,18.996,,,,,
2019-10-13 20:30:00,980,18.996,,,,,
2019-10-13 20:35:00,981,18.996,,,,,
2019-10-13 20:40:00,982,18.996,,,,,
2019-10-13 20:45:00,983,18.996,,,,,
2019-10-13 20:50:00,984,19.092,,,,,
2019-10-13 20:55:00,985,19.092,,,,,
2019-10-13 21:00:00,986,19.187,,,,,
2019-10-13 21:05:00,987,19.187,,,,,
2019-10-13 21:10:00,988,19.187,,,,,
2019-10-13 21:15:00,989,19.187,,,,,
2019-10-13 21:20:00,990,19.187,,,,,
2019-10-13 21:25:00,991,19.092,,,,,
2019-10-13 21:30:00,992,18.996,,,,,
2019-10-13 21:35:00,993,18.996,,,,,
2019-10-13 21:40:00,994,18.996,,,,,
2019-10-13 21:45:00,995,18.901,,,,,
2019-10-13 21:50:00,996,18.805999999999997,,,,,
2019-10-13 21:55:00,997,18.711,,,,,
2019-10-13 22:00:00,998,18.616,,,,,
2019-10-13 22:05:00,999,18.521,,,,,
2019-10-13 22:10:00,1000,18.521,,,,,
2019-10-13 22:15:00,1001,18.426,,,,,
2019-10-13 22:20:00,1002,18.426,,,,,
2019-10-13 22:25:00,1003,18.331,,,,,
2019-10-13 22:30:00,1004,18.331,,,,,
2019-10-13 22:35:00,1005,18.331,,,,,
2019-10-13 22:40:00,1006,18.331,,,,,
2019-10-13 22:45:00,1007,18.331,,,,,
2019-10-13 22:50:00,1008,18.331,,,,,
2019-10-13 22:55:00,1009,18.331,,,,,
2019-10-13 23:00:00,1010,18.236,,,,,
2019-10-13 23:05:00,1011,18.236,,,,,
2019-10-13 23:10:00,1012,18.236,,,,,
2019-10-13 23:15:00,1013,18.236,,,,,
2019-10-13 23:20:00,1014,18.14,,,,,
2019-10-13 23:25:00,1015,18.14,,,,,
2019-10-13 23:30:00,1016,18.14,,,,,
2019-10-13 23:35:00,1017,18.14,,,,,
2019-10-13 23:40:00,1018,18.14,,,,,
2019-10-13 23:45:00,1019,18.045,,,,,
2019-10-13 23:50:00,1020,18.045,,,,,
2019-10-13 23:55:00,1021,18.045,,,,,
2019-10-14 00:00:00,1022,18.045,,,,,
2019-10-14 00:05:00,1023,18.045,,,,,
2019-10-14 00:10:00,1024,18.045,,,,,
2019-10-14 00:15:00,1025,17.95,,,,,
2019-10-14 00:20:00,1026,17.95,,,,,
2019-10-14 00:25:00,1027,17.95,,,,,
2019-10-14 00:30:00,1028,17.95,,,,,
2019-10-14 00:35:00,1029,17.95,,,,,
2019-10-14 00:40:00,1030,17.95,,,,,
2019-10-14 00:45:00,1031,17.855,,,,,
2019-10-14 00:50:00,1032,17.855,,,,,
2019-10-14 00:55:00,1033,17.855,,,,,
2019-10-14 01:00:00,1034,17.855,,,,,
2019-10-14 01:05:00,1035,17.855,,,,,
2019-10-14 01:10:00,1036,17.855,,,,,
2019-10-14 01:15:00,1037,17.76,,,,,
2019-10-14 01:20:00,1038,17.76,,,,,
2019-10-14 01:25:00,1039,17.76,,,,,
2019-10-14 01:30:00,1040,17.76,,,,,
2019-10-14 01:35:00,1041,17.76,,,,,
2019-10-14 01:40:00,1042,17.76,,,,,
2019-10-14 01:45:00,1043,17.76,,,,,
2019-10-14 01:50:00,1044,17.665,,,,,
2019-10-14 01:55:00,1045,17.665,,,,,
2019-10-14 02:00:00,1046,17.665,,,,,
2019-10-14 02:05:00,1047,17.665,,,,,
2019-10-14 02:10:00,1048,17.665,,,,,
2019-10-14 02:15:00,1049,17.665,,,,,
2019-10-14 02:20:00,1050,17.665,,,,,
2019-10-14 02:25:00,1051,17.665,,,,,
2019-10-14 02:30:00,1052,17.57,,,,,
2019-10-14 02:35:00,1053,17.57,,,,,
2019-10-14 02:40:00,1054,17.57,,,,,
2019-10-14 02:45:00,1055,17.57,,,,,
2019-10-14 02:50:00,1056,17.57,,,,,
2019-10-14 02:55:00,1057,17.57,,,,,
2019-10-14 03:00:00,1058,17.57,,,,,
2019-10-14 03:05:00,1059,17.57,,,,,
2019-10-14 03:10:00,1060,17.475,,,,,
2019-10-14 03:15:00,1061,17.475,,,,,
2019-10-14 03:20:00,1062,17.475,,,,,
2019-10-14 03:25:00,1063,17.475,,,,,
2019-10-14 03:30:00,1064,17.475,,,,,
2019-10-14 03:35:00,1065,17.475,,,,,
2019-10-14 03:40:00,1066,17.475,,,,,
2019-10-14 03:45:00,1067,17.475,,,,,
2019-10-14 03:50:00,1068,17.475,,,,,
2019-10-14 03:55:00,1069,17.475,,,,,
2019-10-14 04:00:00,1070,17.475,,,,,
2019-10-14 04:05:00,1071,17.379,,,,,
2019-10-14 04:10:00,1072,17.379,,,,,
2019-10-14 04:15:00,1073,17.379,,,,,
2019-10-14 04:20:00,1074,17.379,,,,,
2019-10-14 04:25:00,1075,17.379,,,,,
2019-10-14 04:30:00,1076,17.379,,,,,
2019-10-14 04:35:00,1077,17.379,,,,,
2019-10-14 04:40:00,1078,17.379,,,,,
2019-10-14 04:45:00,1079,17.379,,,,,
2019-10-14 04:50:00,1080,17.379,,,,,
2019-10-14 04:55:00,1081,17.379,,,,,
2019-10-14 05:00:00,1082,17.284000000000002,,,,,
2019-10-14 05:05:00,1083,17.379,,,,,
2019-10-14 05:10:00,1084,17.284000000000002,,,,,
2019-10-14 05:15:00,1085,17.379,,,,,
2019-10-14 05:20:00,1086,17.284000000000002,,,,,
2019-10-14 05:25:00,1087,17.284000000000002,,,,,
2019-10-14 05:30:00,1088,17.284000000000002,,,,,
2019-10-14 05:35:00,1089,17.284000000000002,,,,,
2019-10-14 05:40:00,1090,17.284000000000002,,,,,
2019-10-14 05:45:00,1091,17.284000000000002,,,,,
2019-10-14 05:50:00,1092,17.284000000000002,,,,,
2019-10-14 05:55:00,1093,17.284000000000002,,,,,
2019-10-14 06:00:00,1094,17.284000000000002,,,,,
2019-10-14 06:05:00,1095,17.284000000000002,,,,,
2019-10-14 06:10:00,1096,17.284000000000002,,,,,
2019-10-14 06:15:00,1097,17.57,,,,,
2019-10-14 06:20:00,1098,17.95,,,,,
2019-10-14 06:25:00,1099,18.236,,,,,
2019-10-14 06:30:00,1100,18.521,,,,,
2019-10-14 06:35:00,1101,18.711,,,,,
2019-10-14 06:40:00,1102,18.996,,,,,
2019-10-14 06:45:00,1103,19.282,,,,,
2019-10-14 06:50:00,1104,19.472,,,,,
2019-10-14 06:55:00,1105,19.567,,,,,
2019-10-14 07:00:00,1106,19.758,,,,,
2019-10-14 07:05:00,1107,19.852999999999998,,,,,
2019-10-14 07:10:00,1108,19.948,,,,,
2019-10-14 07:15:00,1109,19.948,,,,,
2019-10-14 07:20:00,1110,19.948,,,,,
2019-10-14 07:25:00,1111,19.852999999999998,,,,,
2019-10-14 07:30:00,1112,19.758,,,,,
2019-10-14 07:35:00,1113,19.662,,,,,
2019-10-14 07:40:00,1114,19.567,,,,,
2019-10-14 07:45:00,1115,19.472,,,,,
2019-10-14 07:50:00,1116,19.377,,,,,
2019-10-14 07:55:00,1117,19.282,,,,,
2019-10-14 08:00:00,1118,19.187,,,,,
2019-10-14 08:05:00,1119,19.092,,,,,
2019-10-14 08:10:00,1120,18.996,,,,,
2019-10-14 08:15:00,1121,18.996,,,,,
2019-10-14 08:20:00,1122,18.901,,,,,
2019-10-14 08:25:00,1123,18.805999999999997,,,,,
2019-10-14 08:30:00,1124,18.805999999999997,,,,,
2019-10-14 08:35:00,1125,18.711,,,,,
2019-10-14 08:40:00,1126,18.711,,,,,
2019-10-14 08:45:00,1127,18.616,,,,,
2019-10-14 08:50:00,1128,18.616,,,,,
2019-10-14 08:55:00,1129,18.521,,,,,
2019-10-14 09:00:00,1130,18.521,,,,,
2019-10-14 09:05:00,1131,18.426,,,,,
2019-10-14 09:10:00,1132,18.426,,,,,
2019-10-14 09:15:00,1133,18.426,,,,,
2019-10-14 09:20:00,1134,18.426,,,,,
2019-10-14 09:25:00,1135,18.426,,,,,
2019-10-14 09:30:00,1136,18.331,,,,,
2019-10-14 09:35:00,1137,18.331,,,,,
2019-10-14 09:40:00,1138,18.331,,,,,
2019-10-14 09:45:00,1139,18.331,,,,,
2019-10-14 09:50:00,1140,18.331,,,,,
2019-10-14 09:55:00,1141,18.236,,,,,
2019-10-14 10:00:00,1142,18.236,,,,,
2019-10-14 10:05:00,1143,18.236,,,,,
2019-10-14 10:10:00,1144,18.236,,,,,
2019-10-14 10:15:00,1145,18.236,,,,,
2019-10-14 10:20:00,1146,18.14,,,,,
2019-10-14 10:25:00,1147,18.14,,,,,
2019-10-14 10:30:00,1148,18.14,,,,,
2019-10-14 10:35:00,1149,18.14,,,,,
2019-10-14 10:40:00,1150,18.14,,,,,
2019-10-14 10:45:00,1151,18.045,,,,,
2019-10-14 10:50:00,1152,18.045,,,,,
2019-10-14 10:55:00,1153,18.045,,,,,
2019-10-14 11:00:00,1154,18.045,,,,,
2019-10-14 11:05:00,1155,17.95,,,,,
2019-10-14 11:10:00,1156,17.95,,,,,
2019-10-14 11:15:00,1157,17.95,,,,,
2019-10-14 11:20:00,1158,17.95,,,,,
2019-10-14 11:25:00,1159,17.95,,,,,
2019-10-14 11:30:00,1160,17.95,,,,,
2019-10-14 11:35:00,1161,17.855,,,,,
2019-10-14 11:40:00,1162,17.855,,,,,
2019-10-14 11:45:00,1163,17.855,,,,,
2019-10-14 11:50:00,1164,17.855,,,,,
2019-10-14 11:55:00,1165,17.855,,,,,
2019-10-14 12:00:00,1166,17.855,,,,,
2019-10-14 12:05:00,1167,17.855,,,,,
2019-10-14 12:10:00,1168,17.855,,,,,
2019-10-14 12:15:00,1169,17.855,,,,,
2019-10-14 12:20:00,1170,17.855,,,,,
2019-10-14 12:25:00,1171,17.855,,,,,
2019-10-14 12:30:00,1172,17.855,,,,,
2019-10-14 12:35:00,1173,17.855,,,,,
2019-10-14 12:40:00,1174,17.855,,,,,
2019-10-14 12:45:00,1175,17.855,,,,,
2019-10-14 12:50:00,1176,17.76,,,,,
2019-10-14 12:55:00,1177,17.76,,,,,
2019-10-14 13:00:00,1178,17.76,,,,,
2019-10-14 13:05:00,1179,17.76,,,,,
2019-10-14 13:10:00,1180,17.76,,,,,
2019-10-14 13:15:00,1181,17.665,,,,,
2019-10-14 13:20:00,1182,17.665,,,,,
2019-10-14 13:25:00,1183,17.665,,,,,
2019-10-14 13:30:00,1184,17.665,,,,,
2019-10-14 13:35:00,1185,17.665,,,,,
2019-10-14 13:40:00,1186,17.665,,,,,
2019-10-14 13:45:00,1187,17.665,,,,,
2019-10-14 13:50:00,1188,17.665,,,,,
2019-10-14 13:55:00,1189,17.665,,,,,
2019-10-14 14:00:00,1190,17.665,,,,,
2019-10-14 14:05:00,1191,17.665,,,,,
2019-10-14 14:10:00,1192,17.57,,,,,
2019-10-14 14:15:00,1193,17.665,,,,,
2019-10-14 14:20:00,1194,17.57,,,,,
2019-10-14 14:25:00,1195,17.57,,,,,
2019-10-14 14:30:00,1196,17.57,,,,,
2019-10-14 14:35:00,1197,17.57,,,,,
2019-10-14 14:40:00,1198,17.57,,,,,
2019-10-14 14:45:00,1199,17.57,,,,,
2019-10-14 14:50:00,1200,17.57,,,,,
2019-10-14 14:55:00,1201,17.57,,,,,
2019-10-14 15:00:00,1202,17.57,,,,,
2019-10-14 15:05:00,1203,17.57,,,,,
2019-10-14 15:10:00,1204,17.57,,,,,
2019-10-14 15:15:00,1205,17.57,,,,,
2019-10-14 15:20:00,1206,17.57,,,,,
2019-10-14 15:25:00,1207,17.475,,,,,
2019-10-14 15:30:00,1208,17.475,,,,,
2019-10-14 15:35:00,1209,17.475,,,,,
2019-10-14 15:40:00,1210,17.475,,,,,
2019-10-14 15:45:00,1211,17.475,,,,,
2019-10-14 15:50:00,1212,17.475,,,,,
2019-10-14 15:55:00,1213,17.475,,,,,
2019-10-14 16:00:00,1214,17.475,,,,,
2019-10-14 16:05:00,1215,17.475,,,,,
2019-10-14 16:10:00,1216,17.57,,,,,
2019-10-14 16:15:00,1217,17.855,,,,,
2019-10-14 16:20:00,1218,18.14,,,,,
2019-10-14 16:25:00,1219,18.521,,,,,
2019-10-14 16:30:00,1220,18.901,,,,,
2019-10-14 16:35:00,1221,19.187,,,,,
2019-10-14 16:40:00,1222,19.377,,,,,
2019-10-14 16:45:00,1223,19.567,,,,,
2019-10-14 16:50:00,1224,19.758,,,,,
2019-10-14 16:55:00,1225,19.852999999999998,,,,,
2019-10-14 17:00:00,1226,20.043,,,,,
2019-10-14 17:05:00,1227,20.043,,,,,
2019-10-14 17:10:00,1228,20.043,,,,,
2019-10-14 17:15:00,1229,20.043,,,,,
2019-10-14 17:20:00,1230,19.948,,,,,
2019-10-14 17:25:00,1231,19.852999999999998,,,,,
2019-10-14 17:30:00,1232,19.758,,,,,
2019-10-14 17:35:00,1233,19.567,,,,,
2019-10-14 17:40:00,1234,19.472,,,,,
2019-10-14 17:45:00,1235,19.472,,,,,
2019-10-14 17:50:00,1236,19.377,,,,,
2019-10-14 17:55:00,1237,19.282,,,,,
2019-10-14 18:00:00,1238,19.187,,,,,
2019-10-14 18:05:00,1239,19.187,,,,,
2019-10-14 18:10:00,1240,19.092,,,,,
2019-10-14 18:15:00,1241,18.996,,,,,
2019-10-14 18:20:00,1242,18.996,,,,,
2019-10-14 18:25:00,1243,18.996,,,,,
2019-10-14 18:30:00,1244,18.901,,,,,
2019-10-14 18:35:00,1245,18.901,,,,,
2019-10-14 18:40:00,1246,18.901,,,,,
2019-10-14 18:45:00,1247,18.901,,,,,
2019-10-14 18:50:00,1248,18.805999999999997,,,,,
2019-10-14 18:55:00,1249,18.805999999999997,,,,,
2019-10-14 19:00:00,1250,18.805999999999997,,,,,
2019-10-14 19:05:00,1251,18.805999999999997,,,,,
2019-10-14 19:10:00,1252,18.805999999999997,,,,,
2019-10-14 19:15:00,1253,18.711,,,,,
2019-10-14 19:20:00,1254,18.805999999999997,,,,,
2019-10-14 19:25:00,1255,18.996,,,,,
2019-10-14 19:30:00,1256,19.282,,,,,
2019-10-14 19:35:00,1257,19.472,,,,,
2019-10-14 19:40:00,1258,19.567,,,,,
2019-10-14 19:45:00,1259,19.662,,,,,
2019-10-14 19:50:00,1260,19.758,,,,,
2019-10-14 19:55:00,1261,19.758,,,,,
2019-10-14 20:00:00,1262,19.662,,,,,
2019-10-14 20:05:00,1263,19.662,,,,,
2019-10-14 20:10:00,1264,19.567,,,,,
2019-10-14 20:15:00,1265,19.567,,,,,
2019-10-14 20:20:00,1266,19.472,,,,,
2019-10-14 20:25:00,1267,19.472,,,,,
2019-10-14 20:30:00,1268,19.472,,,,,
2019-10-14 20:35:00,1269,19.377,,,,,
2019-10-14 20:40:00,1270,19.377,,,,,
2019-10-14 20:45:00,1271,19.377,,,,,
2019-10-14 20:50:00,1272,19.282,,,,,
2019-10-14 20:55:00,1273,19.282,,,,,
2019-10-14 21:00:00,1274,19.282,,,,,
2019-10-14 21:05:00,1275,19.282,,,,,
2019-10-14 21:10:00,1276,19.187,,,,,
2019-10-14 21:15:00,1277,19.187,,,,,
2019-10-14 21:20:00,1278,19.187,,,,,
2019-10-14 21:25:00,1279,19.187,,,,,
2019-10-14 21:30:00,1280,19.092,,,,,
2019-10-14 21:35:00,1281,19.092,,,,,
2019-10-14 21:40:00,1282,19.092,,,,,
2019-10-14 21:45:00,1283,19.092,,,,,
2019-10-14 21:50:00,1284,19.187,,,,,
2019-10-14 21:55:00,1285,19.187,,,,,
2019-10-14 22:00:00,1286,19.092,,,,,
2019-10-14 22:05:00,1287,19.092,,,,,
2019-10-14 22:10:00,1288,18.996,,,,,
2019-10-14 22:15:00,1289,18.901,,,,,
2019-10-14 22:20:00,1290,18.805999999999997,,,,,
2019-10-14 22:25:00,1291,18.711,,,,,
2019-10-14 22:30:00,1292,18.711,,,,,
2019-10-14 22:35:00,1293,18.711,,,,,
2019-10-14 22:40:00,1294,18.616,,,,,
2019-10-14 22:45:00,1295,18.616,,,,,
2019-10-14 22:50:00,1296,18.616,,,,,
2019-10-14 22:55:00,1297,18.521,,,,,
2019-10-14 23:00:00,1298,18.521,,,,,
2019-10-14 23:05:00,1299,18.521,,,,,
2019-10-14 23:10:00,1300,18.521,,,,,
2019-10-14 23:15:00,1301,18.426,,,,,
2019-10-14 23:20:00,1302,18.426,,,,,
2019-10-14 23:25:00,1303,18.426,,,,,
2019-10-14 23:30:00,1304,18.331,,,,,
2019-10-14 23:35:00,1305,18.331,,,,,
2019-10-14 23:40:00,1306,18.331,,,,,
2019-10-14 23:45:00,1307,18.331,,,,,
2019-10-14 23:50:00,1308,18.331,,,,,
2019-10-14 23:55:00,1309,18.331,,,,,
2019-10-15 00:00:00,1310,18.236,,,,,
2019-10-15 00:05:00,1311,18.236,,,,,
2019-10-15 00:10:00,1312,18.236,,,,,
2019-10-15 00:15:00,1313,18.236,,,,,
2019-10-15 00:20:00,1314,18.236,,,,,
2019-10-15 00:25:00,1315,18.236,,,,,
2019-10-15 00:30:00,1316,18.236,,,,,
2019-10-15 00:35:00,1317,18.236,,,,,
2019-10-15 00:40:00,1318,18.14,,,,,
2019-10-15 00:45:00,1319,18.14,,,,,
2019-10-15 00:50:00,1320,18.14,,,,,
2019-10-15 00:55:00,1321,18.14,,,,,
2019-10-15 01:00:00,1322,18.14,,,,,
2019-10-15 01:05:00,1323,18.14,,,,,
2019-10-15 01:10:00,1324,18.14,,,,,
2019-10-15 01:15:00,1325,18.045,,,,,
2019-10-15 01:20:00,1326,18.045,,,,,
2019-10-15 01:25:00,1327,18.045,,,,,
2019-10-15 01:30:00,1328,18.045,,,,,
2019-10-15 01:35:00,1329,18.045,,,,,
2019-10-15 01:40:00,1330,18.045,,,,,
2019-10-15 01:45:00,1331,18.045,,,,,
2019-10-15 01:50:00,1332,18.045,,,,,
2019-10-15 01:55:00,1333,18.045,,,,,
2019-10-15 02:00:00,1334,18.045,,,,,
2019-10-15 02:05:00,1335,17.95,,,,,
2019-10-15 02:10:00,1336,17.95,,,,,
2019-10-15 02:15:00,1337,17.95,,,,,
2019-10-15 02:20:00,1338,17.95,,,,,
2019-10-15 02:25:00,1339,17.95,,,,,
2019-10-15 02:30:00,1340,17.95,,,,,
2019-10-15 02:35:00,1341,17.95,,,,,
2019-10-15 02:40:00,1342,17.95,,,,,
2019-10-15 02:45:00,1343,17.95,,,,,
2019-10-15 02:50:00,1344,17.95,,,,,
2019-10-15 02:55:00,1345,17.95,,,,,
2019-10-15 03:00:00,1346,17.95,,,,,
2019-10-15 03:05:00,1347,17.95,,,,,
2019-10-15 03:10:00,1348,17.855,,,,,
2019-10-15 03:15:00,1349,17.855,,,,,
2019-10-15 03:20:00,1350,17.855,,,,,
2019-10-15 03:25:00,1351,17.855,,,,,
2019-10-15 03:30:00,1352,17.855,,,,,
2019-10-15 03:35:00,1353,17.855,,,,,
2019-10-15 03:40:00,1354,17.855,,,,,
2019-10-15 03:45:00,1355,17.855,,,,,
2019-10-15 03:50:00,1356,17.855,,,,,
2019-10-15 03:55:00,1357,17.855,,,,,
2019-10-15 04:00:00,1358,17.855,,,,,
2019-10-15 04:05:00,1359,17.855,,,,,
2019-10-15 04:10:00,1360,17.855,,,,,
2019-10-15 04:15:00,1361,17.855,,,,,
2019-10-15 04:20:00,1362,17.855,,,,,
2019-10-15 04:25:00,1363,17.76,,,,,
2019-10-15 04:30:00,1364,17.76,,,,,
2019-10-15 04:35:00,1365,17.76,,,,,
2019-10-15 04:40:00,1366,17.76,,,,,
2019-10-15 04:45:00,1367,17.76,,,,,
2019-10-15 04:50:00,1368,17.76,,,,,
2019-10-15 04:55:00,1369,17.76,,,,,
2019-10-15 05:00:00,1370,17.76,,,,,
2019-10-15 05:05:00,1371,17.76,,,,,
2019-10-15 05:10:00,1372,17.76,,,,,
2019-10-15 05:15:00,1373,17.76,,,,,
2019-10-15 05:20:00,1374,17.76,,,,,
2019-10-15 05:25:00,1375,17.76,,,,,
2019-10-15 05:30:00,1376,17.76,,,,,
2019-10-15 05:35:00,1377,17.76,,,,,
2019-10-15 05:40:00,1378,17.665,,,,,
2019-10-15 05:45:00,1379,17.665,,,,,
2019-10-15 05:50:00,1380,17.665,,,,,
2019-10-15 05:55:00,1381,17.665,,,,,
2019-10-15 06:00:00,1382,17.665,,,,,
2019-10-15 06:05:00,1383,17.665,,,,,
2019-10-15 06:10:00,1384,17.76,,,,,
2019-10-15 06:15:00,1385,18.045,,,,,
2019-10-15 06:20:00,1386,18.331,,,,,
2019-10-15 06:25:00,1387,18.616,,,,,
2019-10-15 06:30:00,1388,18.901,,,,,
2019-10-15 06:35:00,1389,19.282,,,,,
2019-10-15 06:40:00,1390,19.472,,,,,
2019-10-15 06:45:00,1391,19.662,,,,,
2019-10-15 06:50:00,1392,19.758,,,,,
2019-10-15 06:55:00,1393,19.758,,,,,
2019-10-15 07:00:00,1394,19.758,,,,,
2019-10-15 07:05:00,1395,19.758,,,,,
2019-10-15 07:10:00,1396,19.662,,,,,
2019-10-15 07:15:00,1397,19.567,,,,,
2019-10-15 07:20:00,1398,19.567,,,,,
2019-10-15 07:25:00,1399,19.472,,,,,
2019-10-15 07:30:00,1400,19.377,,,,,
2019-10-15 07:35:00,1401,19.377,,,,,
2019-10-15 07:40:00,1402,19.282,,,,,
2019-10-15 07:45:00,1403,19.187,,,,,
2019-10-15 07:50:00,1404,19.092,,,,,
2019-10-15 07:55:00,1405,19.092,,,,,
2019-10-15 08:00:00,1406,18.996,,,,,
2019-10-15 08:05:00,1407,18.901,,,,,
2019-10-15 08:10:00,1408,18.901,,,,,
2019-10-15 08:15:00,1409,18.901,,,,,
2019-10-15 08:20:00,1410,18.805999999999997,,,,,
2019-10-15 08:25:00,1411,18.805999999999997,,,,,
2019-10-15 08:30:00,1412,18.805999999999997,,,,,
2019-10-15 08:35:00,1413,18.711,,,,,
2019-10-15 08:40:00,1414,18.711,,,,,
2019-10-15 08:45:00,1415,18.711,,,,,
2019-10-15 08:50:00,1416,18.616,,,,,
2019-10-15 08:55:00,1417,18.616,,,,,
2019-10-15 09:00:00,1418,18.616,,,,,
2019-10-15 09:05:00,1419,18.616,,,,,
2019-10-15 09:10:00,1420,18.616,,,,,
2019-10-15 09:15:00,1421,18.616,,,,,
2019-10-15 09:20:00,1422,18.616,,,,,
2019-10-15 09:25:00,1423,18.616,,,,,
2019-10-15 09:30:00,1424,18.616,,,,,
2019-10-15 09:35:00,1425,18.616,,,,,
2019-10-15 09:40:00,1426,18.616,,,,,
2019-10-15 09:45:00,1427,18.616,,,,,
2019-10-15 09:50:00,1428,18.616,,,,,
2019-10-15 09:55:00,1429,18.521,,,,,
2019-10-15 10:00:00,1430,18.521,,,,,
2019-10-15 10:05:00,1431,18.521,,,,,
2019-10-15 10:10:00,1432,18.426,,,,,
2019-10-15 10:15:00,1433,18.426,,,,,
2019-10-15 10:20:00,1434,18.426,,,,,
2019-10-15 10:25:00,1435,18.426,,,,,
2019-10-15 10:30:00,1436,18.331,,,,,
2019-10-15 10:35:00,1437,18.331,,,,,
2019-10-15 10:40:00,1438,18.331,,,,,
2019-10-15 10:45:00,1439,18.331,,,,,
2019-10-15 10:50:00,1440,18.331,,,,,
2019-10-15 10:55:00,1441,18.331,,,,,
2019-10-15 11:00:00,1442,18.331,,,,,
2019-10-15 11:05:00,1443,18.236,,,,,
2019-10-15 11:10:00,1444,18.236,,,,,
2019-10-15 11:15:00,1445,18.236,,,,,
2019-10-15 11:20:00,1446,18.236,,,,,
2019-10-15 11:25:00,1447,18.236,,,,,
2019-10-15 11:30:00,1448,18.236,,,,,
2019-10-15 11:35:00,1449,18.14,,,,,
2019-10-15 11:40:00,1450,18.14,,,,,
2019-10-15 11:45:00,1451,18.14,,,,,
2019-10-15 11:50:00,1452,18.14,,,,,
2019-10-15 11:55:00,1453,18.14,,,,,
2019-10-15 12:00:00,1454,18.14,,,,,
2019-10-15 12:05:00,1455,18.14,,,,,
2019-10-15 12:10:00,1456,18.14,,,,,
2019-10-15 12:15:00,1457,18.14,,,,,
2019-10-15 12:20:00,1458,18.14,,,,,
2019-10-15 12:25:00,1459,18.14,,,,,
2019-10-15 12:30:00,1460,18.14,,,,,
2019-10-15 12:35:00,1461,18.045,,,,,
2019-10-15 12:40:00,1462,18.045,,,,,
2019-10-15 12:45:00,1463,18.045,,,,,
2019-10-15 12:50:00,1464,18.045,,,,,
2019-10-15 12:55:00,1465,18.045,,,,,
2019-10-15 13:00:00,1466,18.045,,,,,
2019-10-15 13:05:00,1467,18.045,,,,,
2019-10-15 13:10:00,1468,18.045,,,,,
2019-10-15 13:15:00,1469,18.045,,,,,
2019-10-15 13:20:00,1470,18.045,,,,,
2019-10-15 13:25:00,1471,18.045,,,,,
2019-10-15 13:30:00,1472,18.045,,,,,
2019-10-15 13:35:00,1473,18.045,,,,,
2019-10-15 13:40:00,1474,18.045,,,,,
2019-10-15 13:45:00,1475,18.045,,,,,
2019-10-15 13:50:00,1476,18.045,,,,,
2019-10-15 13:55:00,1477,18.045,,,,,
2019-10-15 14:00:00,1478,18.045,,,,,
2019-10-15 14:05:00,1479,18.045,,,,,
2019-10-15 14:10:00,1480,18.045,,,,,
2019-10-15 14:15:00,1481,18.045,,,,,
2019-10-15 14:20:00,1482,17.95,,,,,
2019-10-15 14:25:00,1483,18.045,,,,,
2019-10-15 14:30:00,1484,18.045,,,,,
2019-10-15 14:35:00,1485,18.045,,,,,
2019-10-15 14:40:00,1486,18.045,,,,,
2019-10-15 14:45:00,1487,18.045,,,,,
2019-10-15 14:50:00,1488,18.045,,,,,
2019-10-15 14:55:00,1489,17.95,,,,,
2019-10-15 15:00:00,1490,17.95,,,,,
2019-10-15 15:05:00,1491,17.95,,,,,
2019-10-15 15:10:00,1492,17.95,,,,,
2019-10-15 15:15:00,1493,17.95,,,,,
2019-10-15 15:20:00,1494,17.95,,,,,
2019-10-15 15:25:00,1495,17.95,,,,,
2019-10-15 15:30:00,1496,17.95,,,,,
2019-10-15 15:35:00,1497,17.855,,,,,
2019-10-15 15:40:00,1498,17.855,,,,,
2019-10-15 15:45:00,1499,17.855,,,,,
2019-10-15 15:50:00,1500,17.855,,,,,
2019-10-15 15:55:00,1501,17.855,,,,,
2019-10-15 16:00:00,1502,17.855,,,,,
2019-10-15 16:05:00,1503,17.855,,,,,
2019-10-15 16:10:00,1504,17.855,,,,,
2019-10-15 16:15:00,1505,17.855,,,,,
2019-10-15 16:20:00,1506,17.76,,,,,
2019-10-15 16:25:00,1507,17.855,,,,,
2019-10-15 16:30:00,1508,18.14,,,,,
2019-10-15 16:35:00,1509,18.426,,,,,
2019-10-15 16:40:00,1510,18.711,,,,,
2019-10-15 16:45:00,1511,18.901,,,,,
2019-10-15 16:50:00,1512,18.996,,,,,
2019-10-15 16:55:00,1513,19.092,,,,,
2019-10-15 17:00:00,1514,19.092,,,,,
2019-10-15 17:05:00,1515,18.996,,,,,
2019-10-15 17:10:00,1516,18.996,,,,,
2019-10-15 17:15:00,1517,18.996,,,,,
2019-10-15 17:20:00,1518,18.901,,,,,
2019-10-15 17:25:00,1519,18.805999999999997,,,,,
2019-10-15 17:30:00,1520,18.805999999999997,,,,,
2019-10-15 17:35:00,1521,18.711,,,,,
2019-10-15 17:40:00,1522,18.805999999999997,,,,,
2019-10-15 17:45:00,1523,18.901,,,,,
2019-10-15 17:50:00,1524,18.901,,,,,
2019-10-15 17:55:00,1525,18.901,,,,,
2019-10-15 18:00:00,1526,18.901,,,,,
2019-10-15 18:05:00,1527,18.805999999999997,,,,,
2019-10-15 18:10:00,1528,18.805999999999997,,,,,
2019-10-15 18:15:00,1529,18.805999999999997,,,,,
2019-10-15 18:20:00,1530,18.711,,,,,
2019-10-15 18:25:00,1531,18.711,,,,,
2019-10-15 18:30:00,1532,18.616,,,,,
2019-10-15 18:35:00,1533,18.616,,,,,
2019-10-15 18:40:00,1534,18.616,,,,,
2019-10-15 18:45:00,1535,18.711,,,,,
2019-10-15 18:50:00,1536,18.711,,,,,
2019-10-15 18:55:00,1537,18.805999999999997,,,,,
2019-10-15 19:00:00,1538,18.711,,,,,
2019-10-15 19:05:00,1539,18.711,,,,,
2019-10-15 19:10:00,1540,18.711,,,,,
2019-10-15 19:15:00,1541,18.711,,,,,
2019-10-15 19:20:00,1542,18.616,,,,,
2019-10-15 19:25:00,1543,18.616,,,,,
2019-10-15 19:30:00,1544,18.521,,,,,
2019-10-15 19:35:00,1545,18.521,,,,,
2019-10-15 19:40:00,1546,18.426,,,,,
2019-10-15 19:45:00,1547,18.426,,,,,
2019-10-15 19:50:00,1548,18.426,,,,,
2019-10-15 19:55:00,1549,18.331,,,,,
2019-10-15 20:00:00,1550,18.331,,,,,
2019-10-15 20:05:00,1551,18.426,,,,,
2019-10-15 20:10:00,1552,18.711,,,,,
2019-10-15 20:15:00,1553,18.901,,,,,
2019-10-15 20:20:00,1554,19.092,,,,,
2019-10-15 20:25:00,1555,19.282,,,,,
2019-10-15 20:30:00,1556,19.472,,,,,
2019-10-15 20:35:00,1557,19.472,,,,,
2019-10-15 20:40:00,1558,19.472,,,,,
2019-10-15 20:45:00,1559,19.472,,,,,
2019-10-15 20:50:00,1560,19.377,,,,,
2019-10-15 20:55:00,1561,19.377,,,,,
2019-10-15 21:00:00,1562,19.282,,,,,
2019-10-15 21:05:00,1563,19.282,,,,,
2019-10-15 21:10:00,1564,19.187,,,,,
2019-10-15 21:15:00,1565,19.187,,,,,
2019-10-15 21:20:00,1566,19.092,,,,,
2019-10-15 21:25:00,1567,18.996,,,,,
2019-10-15 21:30:00,1568,18.996,,,,,
2019-10-15 21:35:00,1569,18.901,,,,,
2019-10-15 21:40:00,1570,18.901,,,,,
2019-10-15 21:45:00,1571,18.901,,,,,
2019-10-15 21:50:00,1572,18.805999999999997,,,,,
2019-10-15 21:55:00,1573,18.805999999999997,,,,,
2019-10-15 22:00:00,1574,18.805999999999997,,,,,
2019-10-15 22:05:00,1575,18.805999999999997,,,,,
2019-10-15 22:10:00,1576,18.711,,,,,
2019-10-15 22:15:00,1577,18.711,,,,,
2019-10-15 22:20:00,1578,18.711,,,,,
2019-10-15 22:25:00,1579,18.616,,,,,
2019-10-15 22:30:00,1580,18.616,,,,,
2019-10-15 22:35:00,1581,18.616,,,,,
2019-10-15 22:40:00,1582,18.616,,,,,
2019-10-15 22:45:00,1583,18.521,,,,,
2019-10-15 22:50:00,1584,18.521,,,,,
2019-10-15 22:55:00,1585,18.521,,,,,
2019-10-15 23:00:00,1586,18.521,,,,,
2019-10-15 23:05:00,1587,18.426,,,,,
2019-10-15 23:10:00,1588,18.426,,,,,
2019-10-15 23:15:00,1589,18.426,,,,,
2019-10-15 23:20:00,1590,18.426,,,,,
2019-10-15 23:25:00,1591,18.331,,,,,
2019-10-15 23:30:00,1592,18.331,,,,,
2019-10-15 23:35:00,1593,18.331,,,,,
2019-10-15 23:40:00,1594,18.331,,,,,
2019-10-15 23:45:00,1595,18.331,,,,,
2019-10-15 23:50:00,1596,18.236,,,,,
2019-10-15 23:55:00,1597,18.236,,,,,
2019-10-16 00:00:00,1598,18.236,,,,,
2019-10-16 00:05:00,1599,18.236,,,,,
2019-10-16 00:10:00,1600,18.236,,,,,
2019-10-16 00:15:00,1601,18.236,,,,,
2019-10-16 00:20:00,1602,18.14,,,,,
2019-10-16 00:25:00,1603,18.14,,,,,
2019-10-16 00:30:00,1604,18.14,,,,,
2019-10-16 00:35:00,1605,18.14,,,,,
2019-10-16 00:40:00,1606,18.14,,,,,
2019-10-16 00:45:00,1607,18.045,,,,,
2019-10-16 00:50:00,1608,18.045,,,,,
2019-10-16 00:55:00,1609,18.045,,,,,
2019-10-16 01:00:00,1610,18.045,,,,,
2019-10-16 01:05:00,1611,18.045,,,,,
2019-10-16 01:10:00,1612,18.045,,,,,
2019-10-16 01:15:00,1613,18.045,,,,,
2019-10-16 01:20:00,1614,18.045,,,,,
2019-10-16 01:25:00,1615,17.95,,,,,
2019-10-16 01:30:00,1616,17.95,,,,,
2019-10-16 01:35:00,1617,17.95,,,,,
2019-10-16 01:40:00,1618,17.95,,,,,
2019-10-16 01:45:00,1619,17.95,,,,,
2019-10-16 01:50:00,1620,17.95,,,,,
2019-10-16 01:55:00,1621,17.855,,,,,
2019-10-16 02:00:00,1622,17.855,,,,,
2019-10-16 02:05:00,1623,17.855,,,,,
2019-10-16 02:10:00,1624,17.855,,,,,
2019-10-16 02:15:00,1625,17.855,,,,,
2019-10-16 02:20:00,1626,17.855,,,,,
2019-10-16 02:25:00,1627,17.855,,,,,
2019-10-16 02:30:00,1628,17.76,,,,,
2019-10-16 02:35:00,1629,17.76,,,,,
2019-10-16 02:40:00,1630,17.76,,,,,
2019-10-16 02:45:00,1631,17.76,,,,,
2019-10-16 02:50:00,1632,17.76,,,,,
2019-10-16 02:55:00,1633,17.76,,,,,
2019-10-16 03:00:00,1634,17.76,,,,,
2019-10-16 03:05:00,1635,17.76,,,,,
2019-10-16 03:10:00,1636,17.665,,,,,
2019-10-16 03:15:00,1637,17.665,,,,,
2019-10-16 03:20:00,1638,17.665,,,,,
2019-10-16 03:25:00,1639,17.665,,,,,
2019-10-16 03:30:00,1640,17.665,,,,,
2019-10-16 03:35:00,1641,17.665,,,,,
2019-10-16 03:40:00,1642,17.665,,,,,
2019-10-16 03:45:00,1643,17.665,,,,,
2019-10-16 03:50:00,1644,17.665,,,,,
2019-10-16 03:55:00,1645,17.665,,,,,
2019-10-16 04:00:00,1646,17.665,,,,,
2019-10-16 04:05:00,1647,17.665,,,,,
2019-10-16 04:10:00,1648,17.665,,,,,
2019-10-16 04:15:00,1649,17.665,,,,,
2019-10-16 04:20:00,1650,17.57,,,,,
2019-10-16 04:25:00,1651,17.57,,,,,
2019-10-16 04:30:00,1652,17.57,,,,,
2019-10-16 04:35:00,1653,17.57,,,,,
2019-10-16 04:40:00,1654,17.57,,,,,
2019-10-16 04:45:00,1655,17.57,,,,,
2019-10-16 04:50:00,1656,17.57,,,,,
2019-10-16 04:55:00,1657,17.57,,,,,
2019-10-16 05:00:00,1658,17.57,,,,,
2019-10-16 05:05:00,1659,17.57,,,,,
2019-10-16 05:10:00,1660,17.57,,,,,
2019-10-16 05:15:00,1661,17.57,,,,,
2019-10-16 05:20:00,1662,17.57,,,,,
2019-10-16 05:25:00,1663,17.475,,,,,
2019-10-16 05:30:00,1664,17.475,,,,,
2019-10-16 05:35:00,1665,17.475,,,,,
2019-10-16 05:40:00,1666,17.475,,,,,
2019-10-16 05:45:00,1667,17.475,,,,,
2019-10-16 05:50:00,1668,17.475,,,,,
2019-10-16 05:55:00,1669,17.475,,,,,
2019-10-16 06:00:00,1670,17.475,,,,,
2019-10-16 06:05:00,1671,17.475,,,,,
2019-10-16 06:10:00,1672,17.57,,,,,
2019-10-16 06:15:00,1673,17.855,,,,,
2019-10-16 06:20:00,1674,18.14,,,,,
2019-10-16 06:25:00,1675,18.521,,,,,
2019-10-16 06:30:00,1676,18.805999999999997,,,,,
2019-10-16 06:35:00,1677,19.092,,,,,
2019-10-16 06:40:00,1678,19.377,,,,,
2019-10-16 06:45:00,1679,19.567,,,,,
2019-10-16 06:50:00,1680,19.758,,,,,
2019-10-16 06:55:00,1681,19.852999999999998,,,,,
2019-10-16 07:00:00,1682,20.043,,,,,
2019-10-16 07:05:00,1683,20.137999999999998,,,,,
2019-10-16 07:10:00,1684,20.137999999999998,,,,,
2019-10-16 07:15:00,1685,20.137999999999998,,,,,
2019-10-16 07:20:00,1686,20.137999999999998,,,,,
2019-10-16 07:25:00,1687,20.043,,,,,
2019-10-16 07:30:00,1688,19.948,,,,,
2019-10-16 07:35:00,1689,19.852999999999998,,,,,
2019-10-16 07:40:00,1690,19.758,,,,,
2019-10-16 07:45:00,1691,19.662,,,,,
2019-10-16 07:50:00,1692,19.567,,,,,
2019-10-16 07:55:00,1693,19.472,,,,,
2019-10-16 08:00:00,1694,19.377,,,,,
2019-10-16 08:05:00,1695,19.282,,,,,
2019-10-16 08:10:00,1696,19.282,,,,,
2019-10-16 08:15:00,1697,19.187,,,,,
2019-10-16 08:20:00,1698,19.092,,,,,
2019-10-16 08:25:00,1699,19.092,,,,,
2019-10-16 08:30:00,1700,18.996,,,,,
2019-10-16 08:35:00,1701,18.996,,,,,
2019-10-16 08:40:00,1702,18.901,,,,,
2019-10-16 08:45:00,1703,18.901,,,,,
2019-10-16 08:50:00,1704,18.805999999999997,,,,,
2019-10-16 08:55:00,1705,18.805999999999997,,,,,
2019-10-16 09:00:00,1706,18.805999999999997,,,,,
2019-10-16 09:05:00,1707,18.805999999999997,,,,,
2019-10-16 09:10:00,1708,18.711,,,,,
2019-10-16 09:15:00,1709,18.711,,,,,
2019-10-16 09:20:00,1710,18.711,,,,,
2019-10-16 09:25:00,1711,18.616,,,,,
2019-10-16 09:30:00,1712,18.616,,,,,
2019-10-16 09:35:00,1713,18.616,,,,,
2019-10-16 09:40:00,1714,18.616,,,,,
2019-10-16 09:45:00,1715,18.616,,,,,
2019-10-16 09:50:00,1716,18.616,,,,,
2019-10-16 09:55:00,1717,18.521,,,,,
2019-10-16 10:00:00,1718,18.521,,,,,
2019-10-16 10:05:00,1719,18.521,,,,,
2019-10-16 10:10:00,1720,18.521,,,,,
2019-10-16 10:15:00,1721,18.426,,,,,
2019-10-16 10:20:00,1722,18.426,,,,,
2019-10-16 10:25:00,1723,18.426,,,,,
2019-10-16 10:30:00,1724,18.426,,,,,
2019-10-16 10:35:00,1725,18.426,,,,,
2019-10-16 10:40:00,1726,18.426,,,,,
2019-10-16 10:45:00,1727,18.426,,,,,
2019-10-16 10:50:00,1728,18.426,,,,,
2019-10-16 10:55:00,1729,18.426,,,,,
2019-10-16 11:00:00,1730,18.426,,,,,
2019-10-16 11:05:00,1731,18.426,,,,,
2019-10-16 11:10:00,1732,18.426,,,,,
2019-10-16 11:15:00,1733,18.426,,,,,
2019-10-16 11:20:00,1734,18.521,,,,,
2019-10-16 11:25:00,1735,18.521,,,,,
2019-10-16 11:30:00,1736,18.521,,,,,
2019-10-16 11:35:00,1737,18.521,,,,,
2019-10-16 11:40:00,1738,18.521,,,,,
2019-10-16 11:45:00,1739,18.521,,,,,
2019-10-16 11:50:00,1740,18.521,,,,,
2019-10-16 11:55:00,1741,18.426,,,,,
2019-10-16 12:00:00,1742,18.426,,,,,
2019-10-16 12:05:00,1743,18.426,,,,,
2019-10-16 12:10:00,1744,18.426,,,,,
2019-10-16 12:15:00,1745,18.426,,,,,
2019-10-16 12:20:00,1746,18.426,,,,,
2019-10-16 12:25:00,1747,18.331,,,,,
2019-10-16 12:30:00,1748,18.331,,,,,
2019-10-16 12:35:00,1749,18.331,,,,,
2019-10-16 12:40:00,1750,18.331,,,,,
2019-10-16 12:45:00,1751,18.331,,,,,
2019-10-16 12:50:00,1752,18.331,,,,,
2019-10-16 12:55:00,1753,18.331,,,,,
2019-10-16 13:00:00,1754,18.331,,,,,
2019-10-16 13:05:00,1755,18.331,,,,,
2019-10-16 13:10:00,1756,18.331,,,,,
2019-10-16 13:15:00,1757,18.331,,,,,
2019-10-16 13:20:00,1758,18.331,,,,,
2019-10-16 13:25:00,1759,18.331,,,,,
2019-10-16 13:30:00,1760,18.331,,,,,
2019-10-16 13:35:00,1761,18.331,,,,,
2019-10-16 13:40:00,1762,18.331,,,,,
2019-10-16 13:45:00,1763,18.331,,,,,
2019-10-16 13:50:00,1764,18.331,,,,,
2019-10-16 13:55:00,1765,18.331,,,,,
2019-10-16 14:00:00,1766,18.331,,,,,
2019-10-16 14:05:00,1767,18.331,,,,,
2019-10-16 14:10:00,1768,18.331,,,,,
2019-10-16 14:15:00,1769,18.236,,,,,
2019-10-16 14:20:00,1770,18.236,,,,,
2019-10-16 14:25:00,1771,18.236,,,,,
2019-10-16 14:30:00,1772,18.236,,,,,
2019-10-16 14:35:00,1773,18.236,,,,,
2019-10-16 14:40:00,1774,18.236,,,,,
2019-10-16 14:45:00,1775,18.236,,,,,
2019-10-16 14:50:00,1776,18.331,,,,,
2019-10-16 14:55:00,1777,18.331,,,,,
2019-10-16 15:00:00,1778,18.426,,,,,
2019-10-16 15:05:00,1779,18.521,,,,,
2019-10-16 15:10:00,1780,18.521,,,,,
2019-10-16 15:15:00,1781,18.521,,,,,
2019-10-16 15:20:00,1782,18.521,,,,,
2019-10-16 15:25:00,1783,18.616,,,,,
2019-10-16 15:30:00,1784,18.616,,,,,
2019-10-16 15:35:00,1785,18.616,,,,,
2019-10-16 15:40:00,1786,18.711,,,,,
2019-10-16 15:45:00,1787,18.805999999999997,,,,,
2019-10-16 15:50:00,1788,18.901,,,,,
2019-10-16 15:55:00,1789,18.996,,,,,
2019-10-16 16:00:00,1790,19.092,,,,,
2019-10-16 16:05:00,1791,19.187,,,,,
2019-10-16 16:10:00,1792,19.187,,,,,
2019-10-16 16:15:00,1793,19.187,,,,,
2019-10-16 16:20:00,1794,19.092,,,,,
2019-10-16 16:25:00,1795,19.092,,,,,
2019-10-16 16:30:00,1796,18.901,,,,,
2019-10-16 16:35:00,1797,18.805999999999997,,,,,
2019-10-16 16:40:00,1798,18.805999999999997,,,,,
2019-10-16 16:45:00,1799,18.711,,,,,
2019-10-16 16:50:00,1800,18.711,,,,,
2019-10-16 16:55:00,1801,18.616,,,,,
2019-10-16 17:00:00,1802,18.616,,,,,
2019-10-16 17:05:00,1803,18.616,,,,,
2019-10-16 17:10:00,1804,18.521,,,,,
2019-10-16 17:15:00,1805,18.521,,,,,
2019-10-16 17:20:00,1806,18.426,,,,,
2019-10-16 17:25:00,1807,18.426,,,,,
2019-10-16 17:30:00,1808,18.331,,,,,
2019-10-16 17:35:00,1809,18.426,,,,,
2019-10-16 17:40:00,1810,18.521,,,,,
2019-10-16 17:45:00,1811,18.616,,,,,
2019-10-16 17:50:00,1812,18.805999999999997,,,,,
2019-10-16 17:55:00,1813,18.901,,,,,
2019-10-16 18:00:00,1814,18.901,,,,,
2019-10-16 18:05:00,1815,18.901,,,,,
2019-10-16 18:10:00,1816,18.901,,,,,
2019-10-16 18:15:00,1817,18.901,,,,,
2019-10-16 18:20:00,1818,18.901,,,,,
2019-10-16 18:25:00,1819,18.901,,,,,
2019-10-16 18:30:00,1820,18.901,,,,,
2019-10-16 18:35:00,1821,18.901,,,,,
2019-10-16 18:40:00,1822,18.901,,,,,
2019-10-16 18:45:00,1823,18.901,,,,,
2019-10-16 18:50:00,1824,18.805999999999997,,,,,
2019-10-16 18:55:00,1825,18.805999999999997,,,,,
2019-10-16 19:00:00,1826,18.711,,,,,
2019-10-16 19:05:00,1827,18.711,,,,,
2019-10-16 19:10:00,1828,18.711,,,,,
2019-10-16 19:15:00,1829,18.711,,,,,
2019-10-16 19:20:00,1830,18.711,,,,,
2019-10-16 19:25:00,1831,18.711,,,,,
2019-10-16 19:30:00,1832,18.711,,,,,
2019-10-16 19:35:00,1833,18.711,,,,,
2019-10-16 19:40:00,1834,18.711,,,,,
2019-10-16 19:45:00,1835,18.711,,,,,
2019-10-16 19:50:00,1836,18.711,,,,,
2019-10-16 19:55:00,1837,18.711,,,,,
2019-10-16 20:00:00,1838,18.711,,,,,
2019-10-16 20:05:00,1839,18.711,,,,,
2019-10-16 20:10:00,1840,18.616,,,,,
2019-10-16 20:15:00,1841,18.616,,,,,
2019-10-16 20:20:00,1842,18.616,,,,,
2019-10-16 20:25:00,1843,18.616,,,,,
2019-10-16 20:30:00,1844,18.616,,,,,
2019-10-16 20:35:00,1845,18.616,,,,,
2019-10-16 20:40:00,1846,18.616,,,,,
2019-10-16 20:45:00,1847,18.616,,,,,
2019-10-16 20:50:00,1848,18.711,,,,,
2019-10-16 20:55:00,1849,18.711,,,,,
2019-10-16 21:00:00,1850,18.805999999999997,,,,,
2019-10-16 21:05:00,1851,18.711,,,,,
2019-10-16 21:10:00,1852,18.711,,,,,
2019-10-16 21:15:00,1853,18.616,,,,,
2019-10-16 21:20:00,1854,18.805999999999997,,,,,
2019-10-16 21:25:00,1855,18.901,,,,,
2019-10-16 21:30:00,1856,18.901,,,,,
2019-10-16 21:35:00,1857,18.996,,,,,
2019-10-16 21:40:00,1858,18.996,,,,,
2019-10-16 21:45:00,1859,18.996,,,,,
2019-10-16 21:50:00,1860,18.901,,,,,
2019-10-16 21:55:00,1861,18.901,,,,,
2019-10-16 22:00:00,1862,18.901,,,,,
2019-10-16 22:05:00,1863,18.805999999999997,,,,,
2019-10-16 22:10:00,1864,18.805999999999997,,,,,
2019-10-16 22:15:00,1865,18.711,,,,,
2019-10-16 22:20:00,1866,18.711,,,,,
2019-10-16 22:25:00,1867,18.616,,,,,
2019-10-16 22:30:00,1868,18.616,,,,,
2019-10-16 22:35:00,1869,18.616,,,,,
2019-10-16 22:40:00,1870,18.521,,,,,
2019-10-16 22:45:00,1871,18.521,,,,,
2019-10-16 22:50:00,1872,18.426,,,,,
2019-10-16 22:55:00,1873,18.426,,,,,
2019-10-16 23:00:00,1874,18.426,,,,,
2019-10-16 23:05:00,1875,18.426,,,,,
2019-10-16 23:10:00,1876,18.331,,,,,
2019-10-16 23:15:00,1877,18.331,,,,,
2019-10-16 23:20:00,1878,18.331,,,,,
2019-10-16 23:25:00,1879,18.331,,,,,
2019-10-16 23:30:00,1880,18.236,,,,,
2019-10-16 23:35:00,1881,18.236,,,,,
2019-10-16 23:40:00,1882,18.236,,,,,
2019-10-16 23:45:00,1883,18.14,,,,,
2019-10-16 23:50:00,1884,18.14,,,,,
2019-10-16 23:55:00,1885,18.14,,,,,
2019-10-17 00:00:00,1886,18.14,,,,,
2019-10-17 00:05:00,1887,18.045,,,,,
2019-10-17 00:10:00,1888,18.045,,,,,
2019-10-17 00:15:00,1889,18.045,,,,,
2019-10-17 00:20:00,1890,18.045,,,,,
2019-10-17 00:25:00,1891,18.045,,,,,
2019-10-17 00:30:00,1892,17.95,,,,,
2019-10-17 00:35:00,1893,17.95,,,,,
2019-10-17 00:40:00,1894,17.95,,,,,
2019-10-17 00:45:00,1895,17.95,,,,,
2019-10-17 00:50:00,1896,17.95,,,,,
2019-10-17 00:55:00,1897,17.95,,,,,
2019-10-17 01:00:00,1898,17.855,,,,,
2019-10-17 01:05:00,1899,17.855,,,,,
2019-10-17 01:10:00,1900,17.855,,,,,
2019-10-17 01:15:00,1901,17.855,,,,,
2019-10-17 01:20:00,1902,17.76,,,,,
2019-10-17 01:25:00,1903,17.76,,,,,
2019-10-17 01:30:00,1904,17.76,,,,,
2019-10-17 01:35:00,1905,17.76,,,,,
2019-10-17 01:40:00,1906,17.76,,,,,
2019-10-17 01:45:00,1907,17.76,,,,,
2019-10-17 01:50:00,1908,17.76,,,,,
2019-10-17 01:55:00,1909,17.665,,,,,
2019-10-17 02:00:00,1910,17.665,,,,,
2019-10-17 02:05:00,1911,17.665,,,,,
2019-10-17 02:10:00,1912,17.665,,,,,
2019-10-17 02:15:00,1913,17.665,,,,,
2019-10-17 02:20:00,1914,17.665,,,,,
2019-10-17 02:25:00,1915,17.57,,,,,
2019-10-17 02:30:00,1916,17.57,,,,,
2019-10-17 02:35:00,1917,17.57,,,,,
2019-10-17 02:40:00,1918,17.57,,,,,
2019-10-17 02:45:00,1919,17.57,,,,,
2019-10-17 02:50:00,1920,17.57,,,,,
2019-10-17 02:55:00,1921,17.475,,,,,
2019-10-17 03:00:00,1922,17.475,,,,,
2019-10-17 03:05:00,1923,17.475,,,,,
2019-10-17 03:10:00,1924,17.475,,,,,
2019-10-17 03:15:00,1925,17.475,,,,,
2019-10-17 03:20:00,1926,17.475,,,,,
2019-10-17 03:25:00,1927,17.475,,,,,
2019-10-17 03:30:00,1928,17.379,,,,,
2019-10-17 03:35:00,1929,17.379,,,,,
2019-10-17 03:40:00,1930,17.379,,,,,
2019-10-17 03:45:00,1931,17.379,,,,,
2019-10-17 03:50:00,1932,17.379,,,,,
2019-10-17 03:55:00,1933,17.379,,,,,
2019-10-17 04:00:00,1934,17.379,,,,,
2019-10-17 04:05:00,1935,17.379,,,,,
2019-10-17 04:10:00,1936,17.284000000000002,,,,,
2019-10-17 04:15:00,1937,17.284000000000002,,,,,
2019-10-17 04:20:00,1938,17.284000000000002,,,,,
2019-10-17 04:25:00,1939,17.284000000000002,,,,,
2019-10-17 04:30:00,1940,17.284000000000002,,,,,
2019-10-17 04:35:00,1941,17.284000000000002,,,,,
2019-10-17 04:40:00,1942,17.284000000000002,,,,,
2019-10-17 04:45:00,1943,17.284000000000002,,,,,
2019-10-17 04:50:00,1944,17.189,,,,,
2019-10-17 04:55:00,1945,17.189,,,,,
2019-10-17 05:00:00,1946,17.189,,,,,
2019-10-17 05:05:00,1947,17.189,,,,,
2019-10-17 05:10:00,1948,17.189,,,,,
2019-10-17 05:15:00,1949,17.189,,,,,
2019-10-17 05:20:00,1950,17.189,,,,,
2019-10-17 05:25:00,1951,17.189,,,,,
2019-10-17 05:30:00,1952,17.094,,,,,
2019-10-17 05:35:00,1953,17.094,,,,,
2019-10-17 05:40:00,1954,17.094,,,,,
2019-10-17 05:45:00,1955,17.094,,,,,
2019-10-17 05:50:00,1956,17.094,,,,,
2019-10-17 05:55:00,1957,17.094,,,,,
2019-10-17 06:00:00,1958,17.094,,,,,
2019-10-17 06:05:00,1959,17.094,,,,,
2019-10-17 06:10:00,1960,17.189,,,,,
2019-10-17 06:15:00,1961,17.379,,,,,
2019-10-17 06:20:00,1962,17.665,,,,,
2019-10-17 06:25:00,1963,18.045,,,,,
2019-10-17 06:30:00,1964,18.331,,,,,
2019-10-17 06:35:00,1965,18.616,,,,,
2019-10-17 06:40:00,1966,18.901,,,,,
2019-10-17 06:45:00,1967,19.092,,,,,
2019-10-17 06:50:00,1968,19.282,,,,,
2019-10-17 06:55:00,1969,19.472,,,,,
2019-10-17 07:00:00,1970,19.567,,,,,
2019-10-17 07:05:00,1971,19.662,,,,,
2019-10-17 07:10:00,1972,19.758,,,,,
2019-10-17 07:15:00,1973,19.948,,,,,
2019-10-17 07:20:00,1974,19.948,,,,,
2019-10-17 07:25:00,1975,20.043,,,,,
2019-10-17 07:30:00,1976,20.043,,,,,
2019-10-17 07:35:00,1977,19.852999999999998,,,,,
2019-10-17 07:40:00,1978,19.567,,,,,
2019-10-17 07:45:00,1979,18.996,,,,,
2019-10-17 07:50:00,1980,18.616,,,,,
2019-10-17 07:55:00,1981,18.521,,,,,
2019-10-17 08:00:00,1982,18.616,,,,,
2019-10-17 08:05:00,1983,18.711,,,,,
2019-10-17 08:10:00,1984,18.805999999999997,,,,,
2019-10-17 08:15:00,1985,18.236,,,,,
2019-10-17 08:20:00,1986,18.616,,,,,
2019-10-17 08:20:12,1987,,,Logged,,,
2019-10-17 08:20:56,1988,,Logged,,,,
2019-10-17 08:25:00,1989,19.852999999999998,,,,,
2019-10-17 08:30:00,1990,20.615,,,,,
2019-10-17 08:35:00,1991,20.996,,,,,
2019-10-17 08:40:00,1992,21.186999999999998,,,,,
2019-10-17 08:45:00,1993,21.281999999999996,,,,,
2019-10-17 08:50:00,1994,21.378,,,,,
2019-10-17 08:55:00,1995,21.473000000000003,,,,,
2019-10-17 09:00:00,1996,21.569000000000003,,,,,
2019-10-17 09:03:14,1997,,,Logged,,,
2019-10-17 09:03:16,1998,,,,Logged,,
2019-10-17 09:03:34,1999,,,,,Logged,Logged
